Time [s],Period,HomeHull,AwayHull
2.0,1.0,597.46401493024,810.521382738664
4.0,1.0,647.0238689416,944.5797024724479
6.0,1.0,668.716042839904,1061.5701850515438
8.0,1.0,657.826932297416,1236.5166113301038
10.0,1.0,684.343046954624,1470.1596490212642
12.0,1.0,786.413667859176,1676.742540549864
14.0,1.0,976.339106325328,1811.5655484909998
16.0,1.0,1064.9903094400638,1673.671596678688
18.0,1.0,1178.386959746496,1643.462010782528
20.0,1.0,1290.7014677270613,1526.138356948815
26.0,1.0,648.5769142058373,1346.2459776190026
28.0,1.0,660.862319349664,1503.4588019107919
30.0,1.0,825.965317881976,1722.381296570768
32.0,1.0,981.6249591430241,1912.4782167663038
34.0,1.0,1167.190382651272,1887.4195646754079
36.0,1.0,1162.749934565616,1684.284801264048
38.0,1.0,1181.778581050472,1611.9587343726398
40.0,1.0,1132.33950721356,1523.649807924016
42.0,1.0,958.48635916436,1117.771497038424
44.0,1.0,796.7654459394321,784.8083937056481
46.0,1.0,627.413253178696,716.3424204589201
48.0,1.0,610.381511640936,874.629113741384
50.0,1.0,720.352011252784,990.9486176128321
52.0,1.0,829.526672845592,1097.894494527552
54.0,1.0,942.9607684164961,1258.922952354728
56.0,1.0,1016.9570228353521,1342.480503258176
58.0,1.0,1037.7221637802559,1189.276858469368
60.0,1.0,1032.13376298324,1074.166310076504
62.0,1.0,923.2823187350239,961.748299877112
64.0,1.0,719.148781585952,853.3976576227681
66.0,1.0,626.8453405962641,694.429519068848
68.0,1.0,614.57406194552,608.9228273762881
70.0,1.0,531.51659109708,722.942078254944
72.0,1.0,557.8180749402879,943.861780518728
74.0,1.0,621.7322892927521,1144.8705288112642
76.0,1.0,610.799806563632,1176.2698150087122
78.0,1.0,691.427189000216,1350.96396922328
80.0,1.0,786.30747266908,1473.8941668793518
82.0,1.0,813.284199407864,1417.910653564808
84.0,1.0,779.548610234544,1327.21593899304
86.0,1.0,720.150349814808,1322.2119725884481
88.0,1.0,751.550238831712,1362.794743279704
90.0,1.0,849.433855475912,1393.2699017441919
92.0,1.0,962.241050275496,1448.734409880752
94.0,1.0,1019.994375862392,1339.4169561789358
96.0,1.0,1057.5959925222319,1144.590020185736
98.0,1.0,1078.441545850264,852.2785720720321
100.0,1.0,1144.551606057944,732.113060069104
102.0,1.0,1256.378898399032,738.9870334491361
104.0,1.0,1330.8157655970804,794.61771444288
106.0,1.0,1298.006593352648,832.921766156672
108.0,1.0,1295.915657436256,865.852012106936
110.0,1.0,1409.453966285576,840.858625039448
112.0,1.0,1399.775634499688,744.704827411168
114.0,1.0,1269.08158383624,646.214424503496
116.0,1.0,1103.4355204778722,551.648901458096
118.0,1.0,1105.934435306648,512.704813495808
120.0,1.0,1237.056245191408,611.328166968776
122.0,1.0,1150.491938665904,723.01414295236
124.0,1.0,1033.437133523816,802.686994384064
126.0,1.0,970.5075905363519,800.7948940597039
128.0,1.0,1031.233530880312,760.34524279556
130.0,1.0,1233.592869177264,808.580468742688
132.0,1.0,1487.089143637424,841.2306255514
134.0,1.0,1626.935954233368,792.6529311981519
136.0,1.0,1543.737109586872,718.668212548992
138.0,1.0,1409.240647796096,680.849485869136
140.0,1.0,1414.3719928162,718.66214868204
142.0,1.0,1365.9033545514962,742.844595968576
144.0,1.0,1163.512279826984,605.83996400312
146.0,1.0,991.038245539288,424.292773104096
148.0,1.0,938.954994957808,443.401762984312
150.0,1.0,864.5926601015601,510.62041687884
152.0,1.0,862.3620419389281,698.60653732996
154.0,1.0,862.982084449616,799.0841704053039
156.0,1.0,867.1611531776961,771.2987871132719
158.0,1.0,873.392054213136,675.7547143131121
160.0,1.0,918.674784437672,660.2726503130241
162.0,1.0,915.5782170779521,540.02834844056
164.0,1.0,866.384463470144,445.834238361408
166.0,1.0,799.684243815128,524.1935569167839
168.0,1.0,728.760882728712,585.388042697776
170.0,1.0,682.539934428656,488.602925015712
172.0,1.0,712.3344443651761,483.74755084636
174.0,1.0,832.3427327979359,573.008795285288
176.0,1.0,850.518806266832,496.60888984885605
178.0,1.0,850.495539109528,341.96041215672
180.0,1.0,905.84267216688,451.840551343528
182.0,1.0,930.30499389748,621.232252586656
184.0,1.0,923.050892084496,811.5021006958639
186.0,1.0,914.945118861024,1008.4148421312559
188.0,1.0,911.648100286528,1172.132997522352
190.0,1.0,917.313277095544,1283.437563382464
192.0,1.0,912.5784608491679,1319.953739489408
194.0,1.0,919.5084226431039,1323.3142006886721
196.0,1.0,900.268631839432,1324.836982006824
198.0,1.0,1061.7145827858,1283.43106174484
200.0,1.0,1040.10739306716,1099.739071015856
202.0,1.0,942.313020790112,1007.534531606848
204.0,1.0,893.148170570336,1111.433168879192
206.0,1.0,864.0747848064079,1063.124512643008
208.0,1.0,1040.986453846904,862.265757237064
210.0,1.0,1302.7401073512879,777.92280400652
212.0,1.0,1334.92811113056,731.3025601347281
214.0,1.0,1193.970992187104,735.571988826536
216.0,1.0,1025.712961334904,702.9540158819841
218.0,1.0,1018.979159862176,690.4315071845599
220.0,1.0,1029.475757798792,647.401745753928
222.0,1.0,1000.940572498872,605.184319630712
224.0,1.0,948.406765103936,557.5278864248639
226.0,1.0,893.1379534393681,475.92922242032
228.0,1.0,940.0215274274401,532.851188654232
230.0,1.0,918.156088028784,548.887193631576
232.0,1.0,888.6216215623681,722.3962716066001
234.0,1.0,856.819091286824,1036.25423153628
236.0,1.0,703.6389860528479,1131.285467411664
238.0,1.0,771.29892090096,1215.447400018616
240.0,1.0,914.2802083018801,1266.672104898384
242.0,1.0,1002.147689331984,1325.966090887032
244.0,1.0,1251.7740896064588,1206.2672410436833
255.0,1.0,1297.596760485,822.4410575929201
257.0,1.0,1144.427172573568,623.1382307184881
259.0,1.0,1090.810437363368,562.177367541264
261.0,1.0,1043.7210685241362,596.821865260104
263.0,1.0,1089.38262280032,587.508430300344
265.0,1.0,1030.143262545968,588.7423117709361
267.0,1.0,916.1857724061921,579.753159137768
269.0,1.0,840.0378536113681,555.82560630816
271.0,1.0,794.496464263584,635.447028832856
273.0,1.0,852.01170979068,595.693503453056
275.0,1.0,874.006705565096,478.67564903455997
277.0,1.0,897.447109758392,512.0293762220961
279.0,1.0,936.5430736900639,637.736080420656
281.0,1.0,854.506544307608,596.111819408696
283.0,1.0,861.1461053898079,604.324635338904
285.0,1.0,884.47292986188,682.721330704376
287.0,1.0,745.85970736372,672.3541394333599
289.0,1.0,678.668914140736,730.703127162912
291.0,1.0,653.783485441056,815.233427478648
293.0,1.0,646.977142605872,903.828396105568
295.0,1.0,641.9774072828641,998.525448147296
297.0,1.0,638.6461639422561,1087.189329989872
299.0,1.0,638.3966009041519,1173.402179423312
301.0,1.0,628.641894829728,1209.202363150928
303.0,1.0,595.9202793217839,1183.3105826908559
305.0,1.0,548.743547850296,1141.4570342402321
307.0,1.0,520.84102595912,1092.712460299816
309.0,1.0,529.823419520944,1027.295986893608
311.0,1.0,542.921381659032,951.7093777567761
313.0,1.0,630.2868224329441,873.22252776908
315.0,1.0,981.4170844799266,772.9415618839066
326.0,1.0,1352.13849159572,686.8248061955919
328.0,1.0,1390.3021646191041,695.5430405913919
330.0,1.0,1286.1632045610081,741.874443238288
332.0,1.0,1179.3203036931282,784.537754064688
334.0,1.0,1003.24826621636,824.591445453712
336.0,1.0,662.31465153548,881.929835146824
338.0,1.0,552.620109612576,977.3280658664801
340.0,1.0,631.208660587952,1078.192663492432
342.0,1.0,689.2502162678259,1161.0172225743374
348.0,1.0,962.623539696056,1057.0107563767601
350.0,1.0,977.2770022825362,858.716808048744
352.0,1.0,1108.995240087872,697.934261571544
354.0,1.0,1236.228516724264,696.4946371762239
356.0,1.0,1322.400666747928,690.75545640064
358.0,1.0,1311.9008641345122,601.2933802222
360.0,1.0,1163.9341586681921,565.779695004152
362.0,1.0,1079.56691944396,621.930033326888
364.0,1.0,1050.078917223184,714.213452215288
366.0,1.0,971.552893088968,649.508573140712
368.0,1.0,921.119261358216,533.978800879736
370.0,1.0,956.1254800367601,498.17897237677596
372.0,1.0,1110.465486107056,540.634842109688
374.0,1.0,1120.7673729701519,641.632805315952
376.0,1.0,1061.813623062816,697.775166602752
378.0,1.0,1046.258318127832,661.333416447528
380.0,1.0,1005.3274334581599,655.877454779376
382.0,1.0,937.696962391248,615.9897569917839
384.0,1.0,933.689647725208,579.1867256585599
386.0,1.0,951.7085620346238,618.86764409752
388.0,1.0,1092.926263520088,752.76139731296
390.0,1.0,1159.914916809224,837.1894885418881
392.0,1.0,1135.250966804656,926.3242224031201
394.0,1.0,1000.362144792336,853.134479602496
396.0,1.0,861.97748957255,450.86198667001
419.0,1.0,743.7172426230238,154.42120625899202
421.0,1.0,778.968424107576,202.38975081673598
423.0,1.0,857.8248264034166,222.34508908893935
428.0,1.0,954.351064652716,377.87577623205993
430.0,1.0,987.9154011849118,416.545247269088
432.0,1.0,1065.0080794666242,498.861550147568
434.0,1.0,1107.88790377896,539.523681502672
436.0,1.0,1169.114166792,542.057063906248
438.0,1.0,1170.1239000126,577.926665106784
440.0,1.0,1215.495549682064,550.0849354876079
442.0,1.0,1276.111009233032,585.5242773864479
444.0,1.0,1131.133883171664,589.802289681808
446.0,1.0,861.393841754928,523.39902456928
448.0,1.0,800.55173633872,506.57849887531995
450.0,1.0,830.138821954768,491.075614473528
452.0,1.0,797.7675369501121,536.1092708380879
454.0,1.0,766.0408169443119,549.303967190544
456.0,1.0,804.221830541616,510.70399977284796
458.0,1.0,909.545525756696,549.0623593769681
460.0,1.0,927.8650285650481,705.8254037719839
462.0,1.0,847.898250851856,919.781469820936
464.0,1.0,763.1589254846319,1092.3681406990959
466.0,1.0,834.8356117844639,1296.8936972538481
468.0,1.0,818.969621239984,1340.984597717656
470.0,1.0,901.78528190304,1130.24395816996
472.0,1.0,1050.936680676696,1065.8329901391598
474.0,1.0,1205.6047819542162,1122.066966814256
476.0,1.0,1239.465481789096,1087.427990618032
478.0,1.0,1074.43485908752,839.9373827337599
480.0,1.0,932.828919736624,540.1169173172
482.0,1.0,927.7799888981999,372.98559545602404
484.0,1.0,1015.385006581232,419.74460257568
486.0,1.0,954.603908329128,507.46081997041597
488.0,1.0,698.8309881639834,625.361658139775
553.0,1.0,535.143494639616,874.822791858048
555.0,1.0,673.459595910288,1209.75307841844
557.0,1.0,738.317493515952,1410.840464989064
559.0,1.0,651.2242552503919,1410.438722719392
561.0,1.0,694.6533932923039,1382.4432545403838
563.0,1.0,702.1182866934159,1299.5936939613598
565.0,1.0,744.277588463296,1281.0779045476402
567.0,1.0,933.7315495591281,1478.729737724632
569.0,1.0,939.07437370244,1456.1997170354798
571.0,1.0,968.9967578981759,1342.522764122576
573.0,1.0,1101.178168073896,1166.7861172428238
575.0,1.0,1254.87574929424,1095.59912780192
577.0,1.0,1278.90013910988,1048.7898695408321
579.0,1.0,1122.8676262933282,955.726074651144
581.0,1.0,984.5397449930613,694.6085989336348
594.0,1.0,1090.417898390632,609.324493630392
596.0,1.0,1331.82786978116,860.410959869632
598.0,1.0,1606.555566929232,1163.203394062296
600.0,1.0,1742.358896791216,1366.143340795728
602.0,1.0,1573.964338994776,1382.98590825816
604.0,1.0,1228.78346475592,1202.0729365858479
606.0,1.0,1004.8590189688641,999.9397101350401
608.0,1.0,1004.007590907664,936.973606052424
610.0,1.0,779.1481180375001,1016.0034217327501
618.0,1.0,529.9091324294079,1181.924258276808
620.0,1.0,514.5240136074319,1236.0010700286
622.0,1.0,595.3373862304161,1260.733475475952
624.0,1.0,687.4080032771519,1314.6406269455438
626.0,1.0,713.248413964648,1469.8444824216158
628.0,1.0,743.099951348272,1523.412933950024
630.0,1.0,695.62134665276,1295.0975728622561
632.0,1.0,639.9589534070881,1134.615326016184
634.0,1.0,697.465926874808,1145.4034125175199
636.0,1.0,817.081741877176,1089.268355306152
638.0,1.0,819.958597503696,885.084332690776
640.0,1.0,827.901576259584,773.46896584992
642.0,1.0,703.0987506623201,655.738635121704
644.0,1.0,515.421534046344,755.118589642264
646.0,1.0,479.437995319464,883.58997072904
648.0,1.0,572.5462289058801,948.161681030536
650.0,1.0,552.338182596808,1054.055307918592
652.0,1.0,633.7858959445521,1060.371922633752
654.0,1.0,875.548644067784,1030.3299465600319
656.0,1.0,1087.593655015688,1055.833508825304
658.0,1.0,1148.2217119738398,1157.609933833128
660.0,1.0,1121.727160027008,1191.56935684348
662.0,1.0,1179.845398449,1475.5466357012
664.0,1.0,1212.645402564328,1638.46499143392
666.0,1.0,1234.80406824676,1646.486512464544
668.0,1.0,1249.357057749984,1645.80258835468
670.0,1.0,1165.520902689936,1640.532377624992
672.0,1.0,1070.3493753337361,1599.674348471248
674.0,1.0,1024.4009907204959,1511.141703506384
676.0,1.0,1032.424519597184,1475.280849761656
678.0,1.0,1020.112792584096,1472.9224216063358
680.0,1.0,1077.961137695864,1480.423364356224
682.0,1.0,1062.393930320224,1291.857211171584
684.0,1.0,849.247621875352,1090.514278706616
686.0,1.0,710.7450746276079,905.4645831077839
688.0,1.0,751.782722650768,904.8958242052399
690.0,1.0,825.4771494289921,969.800781639168
692.0,1.0,899.3233033025681,971.5856698111281
694.0,1.0,715.9986569554001,891.3346877794401
696.0,1.0,587.3789018916241,847.733043052168
698.0,1.0,574.890467507728,877.153954600088
700.0,1.0,596.48149468472,977.17410176112
702.0,1.0,455.061010665,915.991242181392
704.0,1.0,370.601434401928,898.681303032648
706.0,1.0,351.33788797641597,917.529975978448
708.0,1.0,395.85156926892796,1024.694976359864
710.0,1.0,465.88762546884806,1071.327639385
712.0,1.0,501.309087995768,1074.6856656786163
714.0,1.0,494.46963201944004,1063.5296380018958
716.0,1.0,466.514135840472,1098.291197309608
718.0,1.0,384.162563691808,1098.108186117528
720.0,1.0,322.079885474448,999.5113999486239
722.0,1.0,344.202693324664,907.862081455848
724.0,1.0,419.389255650376,842.23486706888
726.0,1.0,470.49071991210394,874.8726071821761
728.0,1.0,502.38927400316004,930.302257394696
730.0,1.0,516.754434544768,903.49797431452
732.0,1.0,588.780992501024,773.9351689608561
734.0,1.0,549.9435185785039,643.189303192968
736.0,1.0,620.1594751130319,659.430154917192
738.0,1.0,797.037777925088,851.602692724472
740.0,1.0,808.2524062189386,946.098571410736
779.0,1.0,162.58599835821065,1012.903568045808
781.0,1.0,188.295855303792,1080.597678263608
783.0,1.0,176.02567532524,1254.488499941136
785.0,1.0,207.262176209264,1245.394988860432
787.0,1.0,255.80176431723203,1203.2684264824802
789.0,1.0,329.63741378500004,1000.979971138552
791.0,1.0,490.54118358448795,865.479529624856
793.0,1.0,734.971560473168,834.424804063648
795.0,1.0,889.036666138376,821.745256616384
797.0,1.0,989.62933838916,799.041267726168
799.0,1.0,1029.705463315872,786.139068316008
801.0,1.0,1079.578770138384,712.3446106292879
803.0,1.0,1107.377544777176,645.3018009691921
805.0,1.0,1072.006900776616,674.9366537129199
807.0,1.0,976.768329758136,638.755594241328
809.0,1.0,803.2141602217839,557.162434344872
811.0,1.0,823.447793395552,564.9359201739039
813.0,1.0,933.549705270168,621.0872803964239
815.0,1.0,985.4711857706079,631.0646145968881
817.0,1.0,1007.023805033104,641.656753809456
819.0,1.0,1031.7940452003759,642.902747869944
821.0,1.0,1129.515513949008,599.121106999328
823.0,1.0,1225.5380581067602,563.140202061232
825.0,1.0,1267.040350222536,661.60674149376
827.0,1.0,1364.851961188424,760.004923209568
829.0,1.0,1293.2546914072323,685.647772101848
831.0,1.0,1163.4059876532478,619.721168742472
833.0,1.0,1168.028797735256,601.50118870024
835.0,1.0,1131.5845134706801,564.3733557761041
837.0,1.0,1042.6547571526958,646.709419746984
839.0,1.0,1165.210899541088,833.951154822016
841.0,1.0,1266.775333037816,923.3446281468639
843.0,1.0,959.93544550128,937.210216941624
845.0,1.0,780.94849066932,1053.445018286008
847.0,1.0,613.5291481124659,941.9938390879365
866.0,1.0,557.024640861328,907.963782407488
868.0,1.0,647.412910672024,1079.11636509564
870.0,1.0,665.517866070144,1296.5346311807439
872.0,1.0,714.823721975416,1402.63884919524
874.0,1.0,753.879159828088,1353.2535134202162
876.0,1.0,719.6560858589601,1297.0004367560641
878.0,1.0,744.8671366722319,1328.060764245128
880.0,1.0,805.5909208222799,1410.306300500496
882.0,1.0,750.668955623744,1430.0448016589762
884.0,1.0,748.984013608616,1451.3353899390718
886.0,1.0,826.082540411072,1485.76084757336
888.0,1.0,903.376267140816,1558.5805705916
890.0,1.0,1032.398566731872,1741.8623349033442
892.0,1.0,1059.272169003888,1785.526691493928
894.0,1.0,1072.923375840848,1709.901629731376
896.0,1.0,1081.6299651864638,1599.652102370392
898.0,1.0,1092.424940149952,1483.3202076297919
900.0,1.0,1214.462557622192,1350.6990250339759
902.0,1.0,1198.994451294216,1140.7654256671522
904.0,1.0,1297.228356801088,1081.8446270813602
906.0,1.0,1358.119983728928,1177.505410166888
908.0,1.0,938.9344631781964,1218.5928518077558
918.0,1.0,495.588436580712,1219.2064181786477
920.0,1.0,452.26325354016,1252.526541994544
922.0,1.0,533.4588251878,1267.2138507757682
924.0,1.0,638.209970632936,1234.489348362912
926.0,1.0,721.671824300936,1249.152001632328
928.0,1.0,732.36214459692,1302.55155226296
930.0,1.0,738.5013235656639,1356.425829904216
932.0,1.0,774.552824189152,1401.606752441048
934.0,1.0,693.6968735281439,1377.998481373616
936.0,1.0,583.354070098912,1283.374036452928
938.0,1.0,620.7524209929679,1268.646313129296
940.0,1.0,700.608349980808,1284.865340521576
942.0,1.0,762.3792761002001,1362.639350692904
944.0,1.0,738.260199106152,1352.20177985396
946.0,1.0,702.0218890205681,1367.5103335556
948.0,1.0,570.864737281064,1270.9188140246479
950.0,1.0,535.402000167592,1119.346613381264
952.0,1.0,609.368551189704,1001.4265712573599
954.0,1.0,710.6934762677281,1040.609187811664
956.0,1.0,671.6412703380961,1101.85636791452
958.0,1.0,512.8628014383361,1129.561347746928
960.0,1.0,450.026596385384,1152.67791330928
962.0,1.0,472.62587947454404,1147.869995444232
964.0,1.0,554.121864531592,1197.907184709848
966.0,1.0,618.8650762619359,1256.613976204296
968.0,1.0,602.529118833992,1278.443751060464
970.0,1.0,581.0389990150479,1159.230499369424
972.0,1.0,557.883173098496,1018.4834806155279
974.0,1.0,532.147780606776,1058.214659249168
976.0,1.0,533.981089448568,1117.40564834544
978.0,1.0,571.724586376584,1105.477064641048
980.0,1.0,582.185665372312,1008.668930431048
982.0,1.0,526.87855159948,948.7433024072559
984.0,1.0,439.914950309536,916.674041223368
986.0,1.0,466.23786520900006,953.19091276536
988.0,1.0,500.80629975820796,1057.519525466736
990.0,1.0,551.523796880088,1121.268084510832
992.0,1.0,623.479757767016,1089.481372032712
994.0,1.0,656.1689757368481,1094.585031586128
996.0,1.0,587.598785384256,1096.193170133984
998.0,1.0,435.737443655968,1103.832602631384
1000.0,1.0,326.87090473851197,1090.6963123713601
1002.0,1.0,354.58224188275994,929.909881366008
1004.0,1.0,471.92275754864795,746.67305718272
1006.0,1.0,668.075268427336,575.8948989632161
1008.0,1.0,864.0189814579039,614.864636975528
1010.0,1.0,1014.494941996608,719.813844118568
1012.0,1.0,1128.682064456224,809.1361414923999
1014.0,1.0,1256.82016881452,776.137241144136
1016.0,1.0,1269.287017083664,690.927336227864
1018.0,1.0,1214.208742188448,638.473036929208
1020.0,1.0,1182.432763344952,663.07180425456
1022.0,1.0,1110.112555389848,731.349350362168
1024.0,1.0,1077.316136793208,705.536058657432
1026.0,1.0,1121.8121212677268,705.1744902236418
1036.0,1.0,1126.9086507355041,670.7012754638033
1038.0,1.0,1088.1701063895362,597.0634652169599
1040.0,1.0,1034.028821643792,563.820470720392
1042.0,1.0,1020.82345977952,522.287034422376
1044.0,1.0,1094.5875441363519,531.281482261376
1046.0,1.0,1207.772603638824,606.261765142088
1048.0,1.0,1260.0971690503038,728.944648346112
1050.0,1.0,1309.763359016792,939.633201646032
1052.0,1.0,1288.384856324832,1055.3180447142718
1054.0,1.0,1311.29324268008,939.245747744304
1056.0,1.0,1079.50008903036,789.9481211107759
1058.0,1.0,923.454515620544,702.729178929216
1060.0,1.0,893.132925787288,763.023162635244
1084.0,1.0,806.1563965438941,140.156824331542
1086.0,1.0,840.784270591088,110.98764026339198
1088.0,1.0,835.47720615028,121.81363129412802
1090.0,1.0,815.218297908272,180.893297775088
1092.0,1.0,914.60139025864,241.142228161832
1094.0,1.0,1036.7609540371918,270.939048680416
1096.0,1.0,1083.846860398296,249.39373978593602
1098.0,1.0,1092.315124100344,251.521558555392
1100.0,1.0,1011.22802796568,365.729529837856
1102.0,1.0,894.806938758912,568.11167611368
1104.0,1.0,806.243169397768,779.9744818248159
1106.0,1.0,719.4238556966319,964.412968417872
1108.0,1.0,688.7489421876319,1143.844335682976
1110.0,1.0,751.139401522056,1397.5824044348801
1112.0,1.0,858.9128986325519,1661.794355118608
1114.0,1.0,928.520280995248,1721.4942294401521
1116.0,1.0,911.906508506504,1608.71827493428
1118.0,1.0,834.4012011216639,1374.7586152689842
1120.0,1.0,893.384595348976,1143.4817982875281
1122.0,1.0,795.257603986952,996.724170936704
1124.0,1.0,782.325598120064,958.1104102902079
1126.0,1.0,858.4830549801759,1011.421917846176
1128.0,1.0,881.3928262084639,1067.4869351522
1130.0,1.0,823.5822839500481,1112.720093856
1132.0,1.0,844.901841398384,1157.472355184024
1134.0,1.0,827.776133121816,1098.783347778944
1136.0,1.0,675.235386512256,965.175609055872
1138.0,1.0,612.019045724648,783.3496854167361
1140.0,1.0,757.8573379754586,711.2175093736619
1146.0,1.0,943.390597890736,628.708424835512
1148.0,1.0,1029.196580454824,624.302679298248
1150.0,1.0,1042.9925028700081,620.487462661568
1152.0,1.0,1009.160554788464,544.101752595464
1154.0,1.0,1095.399201942224,535.7898479793121
1156.0,1.0,1215.776949706536,560.987792990744
1158.0,1.0,1308.9219848758162,588.68242152968
1160.0,1.0,1337.920639342728,583.058356810064
1162.0,1.0,1329.282572092272,648.615966207992
1164.0,1.0,1434.583992763728,714.464342995824
1166.0,1.0,1389.4919861831522,741.7518807849281
1168.0,1.0,1329.642111262456,766.331368180712
1170.0,1.0,1321.59877421792,760.1664293480641
1172.0,1.0,1378.8100935240159,825.070997131928
1174.0,1.0,1387.4807003462242,910.4769864763759
1176.0,1.0,1446.7629091115919,873.971337249784
1178.0,1.0,1461.040250747336,807.24659665632
1180.0,1.0,1280.213625098168,710.8800621664959
1182.0,1.0,1120.47513751968,744.562483070328
1184.0,1.0,991.7205832260161,847.8432245762081
1186.0,1.0,963.7777569595041,834.567743900616
1188.0,1.0,888.6182962164401,714.812304265552
1190.0,1.0,864.7653959580721,605.3877292753839
1192.0,1.0,910.495337323576,649.45071021613
1215.0,1.0,924.0718251387441,1707.1931700461919
1217.0,1.0,938.936020964592,1627.3614610628
1219.0,1.0,880.048695984816,1561.3368886649519
1221.0,1.0,854.0223390076401,1575.326210074208
1223.0,1.0,906.6532581143199,1637.2400885724878
1225.0,1.0,969.3735046546799,1616.424945515344
1227.0,1.0,911.282994709512,1465.341452980696
1229.0,1.0,828.079009785936,1379.7486683811198
1231.0,1.0,785.856409825192,1317.40763446848
1233.0,1.0,721.7054854951521,1205.197004779336
1235.0,1.0,751.3279425115361,1176.5770911188802
1237.0,1.0,881.386815623048,1227.6715973900882
1239.0,1.0,880.9627895546801,1184.077290010376
1241.0,1.0,876.175471922976,1100.793286649704
1243.0,1.0,1000.8492389361679,1167.082948557344
1245.0,1.0,1086.0435239002,1156.130202489592
1247.0,1.0,992.577383654688,939.160715912552
1249.0,1.0,898.648737613008,659.1721557295919
1251.0,1.0,886.122161693464,434.286277991248
1253.0,1.0,915.118928673496,545.4944833429599
1255.0,1.0,886.2346047995841,650.2420539444561
1257.0,1.0,933.3732143051441,591.874366781616
1259.0,1.0,1017.084370658288,515.85850550972
1261.0,1.0,1035.719410290792,468.552991917
1263.0,1.0,823.1805233503275,357.09632691142315
1315.0,1.0,596.777364416,241.695226606592
1317.0,1.0,612.9498477484559,234.524687865616
1319.0,1.0,747.717840110616,311.23229522481597
1321.0,1.0,840.870345607848,442.85075742901597
1323.0,1.0,894.9557157928559,474.50690259495997
1325.0,1.0,882.3072598085199,465.011312378704
1327.0,1.0,916.704635983016,510.65987766589603
1329.0,1.0,988.239564363264,568.57948266584
1331.0,1.0,1114.782565798456,676.990033239104
1333.0,1.0,1158.6819576382718,812.122300297704
1335.0,1.0,1118.633073271656,904.864175124224
1337.0,1.0,1011.6024829674159,973.991823922032
1339.0,1.0,866.9391965128959,985.7388947396801
1341.0,1.0,679.483295172256,954.42726395624
1343.0,1.0,605.850147667344,946.476846724552
1345.0,1.0,729.3845466899681,1100.2797544412479
1347.0,1.0,858.28060487888,1342.9788454427598
1349.0,1.0,875.2308816294719,1423.434304422096
1351.0,1.0,815.8915995813279,1455.890820905688
1353.0,1.0,865.8971630982239,1491.24260156304
1355.0,1.0,970.006748545288,1411.172917043056
1357.0,1.0,1025.664847415928,1231.021217613192
1359.0,1.0,1084.797122248936,1112.3681476650959
1361.0,1.0,1098.308108257896,1025.803368921888
1363.0,1.0,1078.069424561064,984.933304786784
1365.0,1.0,1020.3447221007441,945.929179763488
1367.0,1.0,989.06835142612,898.904575193488
1369.0,1.0,984.1868233603361,861.6507523903681
1371.0,1.0,988.06317524728,839.166015939592
1373.0,1.0,978.2192000462239,819.116019533016
1375.0,1.0,939.741660040008,769.97265243288
1377.0,1.0,884.8978413898001,660.481060659064
1379.0,1.0,808.6994122610721,550.056716672168
1381.0,1.0,793.152642174728,476.243016342864
1383.0,1.0,891.6913209651361,468.200742766648
1385.0,1.0,1101.79543097796,627.18850109292
1387.0,1.0,1311.410937347592,858.6809556513601
1389.0,1.0,1358.200261690064,1034.32765851944
1391.0,1.0,1257.029219605776,1153.684758327528
1393.0,1.0,1187.0077017616559,1397.852057091608
1395.0,1.0,1135.3514834674797,1724.899360446248
1397.0,1.0,1002.2781478033601,1852.986962788672
1399.0,1.0,941.931407127136,1751.687204810256
1401.0,1.0,1050.850342986,1692.044567191264
1403.0,1.0,1074.870990797272,1572.6900825825278
1405.0,1.0,971.257319145176,1373.21771719064
1407.0,1.0,847.950457466024,1307.521000168232
1409.0,1.0,783.9772136660799,1422.107217622568
1411.0,1.0,741.09817067932,1466.1300597034801
1413.0,1.0,717.660997226952,1429.75798937796
1415.0,1.0,784.004492579944,1391.223796574856
1417.0,1.0,754.155866565184,1326.162985508824
1419.0,1.0,624.785486325504,1314.372105267264
1421.0,1.0,545.082475266696,1306.6326035003917
1423.0,1.0,558.857401441016,1317.42765036368
1425.0,1.0,627.212731815664,1344.9391411452639
1427.0,1.0,644.1851004952,1347.754504631816
1429.0,1.0,555.558883624144,1141.880965689184
1431.0,1.0,599.1806107548321,1079.226734690816
1433.0,1.0,719.0166718698961,1105.165924329288
1435.0,1.0,670.012004976456,1000.0404829629761
1437.0,1.0,531.257035428376,892.369526564952
1439.0,1.0,453.378678263024,929.5044785351599
1441.0,1.0,464.982438291192,1110.843346088704
1443.0,1.0,486.1914340329604,1194.1784293875855
1448.0,1.0,507.44126075727735,1128.544786079586
1450.0,1.0,476.17765682257595,1005.0137116588639
1452.0,1.0,483.021566182416,939.1371266657679
1454.0,1.0,497.12901970549603,956.3746345614641
1456.0,1.0,531.867211304304,1019.949752417416
1458.0,1.0,565.1951594042,894.9120610237919
1460.0,1.0,728.4539512014197,896.3228928474264
1489.0,1.0,1220.4119264368383,855.6698083430684
1491.0,1.0,1010.99025536312,851.530305858288
1493.0,1.0,904.960041978328,904.4761878665361
1495.0,1.0,995.769705092144,1060.468686537872
1497.0,1.0,1125.444520502496,1182.31006819952
1499.0,1.0,1283.0310237563122,1251.324695679864
1501.0,1.0,1537.9968142742882,1314.911132056392
1503.0,1.0,1776.719613704808,1418.203701259572
1531.0,1.0,444.52396978645606,433.83513525444243
1533.0,1.0,399.84997202864,409.380420356344
1535.0,1.0,447.61431994344,428.836785604008
1537.0,1.0,476.57677131493597,561.0528890802559
1539.0,1.0,507.539516561224,819.971522283824
1541.0,1.0,653.012918158248,1062.705900907088
1543.0,1.0,797.4081110104,1215.1313414577999
1545.0,1.0,921.238610405888,1306.634326414216
1547.0,1.0,1153.877415935552,1358.694035278464
1549.0,1.0,1184.8701062154573,967.6591273989427
1565.0,1.0,1090.872790621472,626.02885855528
1567.0,1.0,1092.99366061944,680.42260585804
1569.0,1.0,1101.068389268024,857.452096318728
1571.0,1.0,1002.5142787622959,967.158254726512
1573.0,1.0,806.7214384656606,1011.9545186597425
1586.0,1.0,604.7561943052509,1240.6205515230458
1588.0,1.0,658.381982521,1199.1003685077922
1590.0,1.0,679.439507372344,1184.8841119185922
1592.0,1.0,694.579336930784,1196.727801694688
1594.0,1.0,707.112503485128,1218.214817705584
1596.0,1.0,717.969626430088,1191.6615416349441
1598.0,1.0,736.4631557581783,1223.699825393045
1603.0,1.0,670.5520941330823,1256.2432112708852
1605.0,1.0,586.0211602033121,1247.907924748472
1607.0,1.0,475.651018336552,1188.090849644368
1609.0,1.0,410.09499172172,1064.389091104312
1611.0,1.0,404.3295604697121,804.623164312304
1613.0,1.0,462.17092882853603,675.663305534928
1615.0,1.0,645.294041139128,629.03369142892
1617.0,1.0,1014.30968482056,663.584609240688
1619.0,1.0,1357.4661594558079,777.7242594014481
1621.0,1.0,1595.026365840384,892.807283217392
1623.0,1.0,1652.183423589176,950.508102827464
1625.0,1.0,1520.399279680912,923.01830293612
1627.0,1.0,1367.0961721614158,927.152661420488
1629.0,1.0,1385.805298010976,909.949469724384
1631.0,1.0,1289.877844225528,714.285804497488
1633.0,1.0,1161.459928745448,610.448958194376
1635.0,1.0,1180.635122728936,692.2283903839359
1637.0,1.0,1124.5438523660239,820.6950194525521
1639.0,1.0,1072.65114372924,867.2926512949521
1641.0,1.0,988.3665738931361,848.732285389168
1643.0,1.0,1010.4236776734559,762.1628970146319
1645.0,1.0,1091.1424678070239,688.149990018248
1647.0,1.0,1191.038433936672,642.167217810176
1649.0,1.0,1139.692072605896,660.388014504392
1651.0,1.0,1017.6775567592399,661.17888506536
1653.0,1.0,979.789586182312,569.1278653380559
1655.0,1.0,1011.274379932304,606.846287753224
1657.0,1.0,912.533100040208,710.932083023296
1659.0,1.0,815.36269747336,638.1699802597041
1661.0,1.0,752.9155837514827,721.1125353775126
1673.0,1.0,713.366032385936,1359.1384754552
1675.0,1.0,765.288938592736,1487.0260369847442
1677.0,1.0,873.577096525912,1613.118054907296
1679.0,1.0,966.8260118919281,1578.5198073564961
1681.0,1.0,901.926964268368,1531.576053776424
1683.0,1.0,805.0457784920479,1510.085763913552
1685.0,1.0,888.71588071532,1514.6272145388962
1687.0,1.0,927.910559958536,1548.762526069632
1689.0,1.0,871.776970519416,1542.83746145448
1691.0,1.0,803.9619894072799,1501.3889706339733
1700.0,1.0,678.392113837393,1235.9177714177117
1702.0,1.0,574.886391491848,1306.6994998599841
1704.0,1.0,625.4979499707681,1317.72886039404
1706.0,1.0,759.632350267088,1243.71392425916
1708.0,1.0,896.02867991764,1170.7145378188561
1710.0,1.0,992.153751193576,1278.017155167104
1712.0,1.0,932.0928800063839,1247.9987819560802
1714.0,1.0,860.9379298876161,1152.43153085884
1716.0,1.0,642.0930524522834,987.6956899064169
1726.0,1.0,511.593474310592,1086.2240781734001
1728.0,1.0,541.66117278824,1237.309362948416
1730.0,1.0,555.381582321344,1271.6039260417438
1732.0,1.0,559.145134385456,1251.534030242872
1734.0,1.0,628.007790224632,1223.0891736455842
1736.0,1.0,801.7638378570239,1392.314215534776
1738.0,1.0,917.798740551912,1460.148452718
1740.0,1.0,784.865009568744,1279.464689621624
1742.0,1.0,610.2550941473519,1145.4241316252
1744.0,1.0,598.719063838904,1119.21212458552
1746.0,1.0,600.1614230070879,1110.2527126865361
1748.0,1.0,638.452412722056,1123.99246261712
1750.0,1.0,664.405945091208,1126.1840033790081
1752.0,1.0,731.4865219394719,1089.66740853772
1754.0,1.0,860.985987728352,1057.738658210128
1756.0,1.0,969.157624903312,1025.47789293608
1758.0,1.0,1074.6946599868002,1033.143074456552
1760.0,1.0,1125.1781962334721,1046.878447790448
1762.0,1.0,1191.8430869865201,1073.649200912464
1764.0,1.0,1289.2557303230478,1101.872165767408
1766.0,1.0,1412.759756758208,1118.1289927261919
1768.0,1.0,1516.5130620529999,1112.519619964856
1770.0,1.0,1548.434194764368,1093.248874909744
1772.0,1.0,1558.5395415455682,1044.678890269336
1774.0,1.0,1500.4275119722402,985.7032961431839
1776.0,1.0,1399.383144130496,936.8832424342401
1778.0,1.0,1306.715894823592,880.749813798392
1780.0,1.0,1264.828944537008,824.336363725736
1782.0,1.0,1183.476442100952,749.088503270584
1784.0,1.0,1054.670747645552,666.574244882456
1786.0,1.0,930.560600829168,616.9934051178719
1788.0,1.0,847.3982896783921,623.697832570624
1790.0,1.0,810.125121338488,690.100763952752
1792.0,1.0,731.5599386991119,742.663202979704
1794.0,1.0,746.226175519432,726.196813858104
1796.0,1.0,854.1857993790959,771.319342383112
1798.0,1.0,945.970032300016,832.237254429024
1800.0,1.0,945.7403296877601,684.82445946814
1812.0,1.0,938.69025066076,520.226578254784
1814.0,1.0,1065.2429271060319,535.055496355464
1816.0,1.0,1211.4125403121438,564.439570093112
1818.0,1.0,1402.6917670083521,720.818661958896
1820.0,1.0,1542.142635165328,896.81474864596
1822.0,1.0,1591.74409875504,1043.552293319464
1824.0,1.0,1564.822040313792,1139.031859889584
1826.0,1.0,1434.0532947465201,1054.25978100996
1828.0,1.0,1336.8905618376562,1042.193998655016
1830.0,1.0,1267.353010023944,1072.343395905928
1832.0,1.0,1210.6002140935655,1112.9189963423264
1838.0,1.0,738.093613990111,1318.095433873048
1840.0,1.0,813.571275206152,1430.3238242399761
1842.0,1.0,821.367048070272,1550.570358494912
1844.0,1.0,880.6576571685839,1551.693425759264
1846.0,1.0,942.266551772776,1494.168116458608
1848.0,1.0,889.689893192656,1457.78692231156
1850.0,1.0,898.0961362858,1448.5843877296802
1852.0,1.0,856.111984201888,1541.2711092611762
1854.0,1.0,751.3163972849441,1493.4545423272398
1856.0,1.0,1023.882188080104,1497.3555518018961
1858.0,1.0,1284.855056017432,1454.4143338973681
1860.0,1.0,1354.7830879972562,1369.4465188512959
1862.0,1.0,1227.8491136859038,1319.505380423984
1864.0,1.0,958.5735809739201,1168.040534168464
1866.0,1.0,796.850977364872,1040.251503036432
1868.0,1.0,823.3408348926721,1098.950030465176
1870.0,1.0,888.093723161192,1207.503681217368
1872.0,1.0,976.313322127216,1240.80662928468
1874.0,1.0,1077.770261804528,1224.81764117592
1876.0,1.0,1060.939318546744,1209.817819932016
1878.0,1.0,956.625067915112,1122.103386502864
1880.0,1.0,954.4808556164401,1113.9830038959599
1882.0,1.0,1027.5416845408,1041.215083642064
1884.0,1.0,1173.540831019256,962.806623184376
1886.0,1.0,1143.83899172944,811.590754410664
1888.0,1.0,1081.2184522781758,577.79545732056
1890.0,1.0,1122.34469349056,505.3331792746
1892.0,1.0,1247.465699294608,489.56825123315997
1894.0,1.0,1287.6785857643358,466.724860617648
1896.0,1.0,1203.524870709864,502.08226829390395
1898.0,1.0,1153.423428813272,592.609901548208
1900.0,1.0,1099.97569504524,697.3082131822639
1902.0,1.0,1088.7383479090481,680.3922485010801
1904.0,1.0,1130.747811721088,672.694974773376
1906.0,1.0,1169.806999658296,695.539381082584
1908.0,1.0,1187.904909229208,692.02998076308
1910.0,1.0,1233.1141948351842,708.209551282248
1912.0,1.0,1280.758258875168,747.9392354740401
1914.0,1.0,1312.020639852536,830.647809901248
1916.0,1.0,1168.890896815184,780.858838192416
1918.0,1.0,1189.200930629936,795.845464125536
1920.0,1.0,1354.0551638190877,862.113019753104
1922.0,1.0,1408.626664495992,830.844636609264
1924.0,1.0,1253.363299923288,552.8712611296978
1947.0,1.0,497.01702976633595,899.526533633824
1949.0,1.0,555.475656336816,1093.6117233952639
1951.0,1.0,597.78007823392,1346.267729212616
1953.0,1.0,629.1770389647841,1573.141402888968
1955.0,1.0,769.455501700304,1653.522049848896
1957.0,1.0,907.3287259211199,1667.710566954656
1959.0,1.0,857.6283507027761,1680.495321440088
1961.0,1.0,718.3480023603761,1410.2474267890639
1963.0,1.0,604.071458238432,1249.541996779328
1965.0,1.0,555.897731091464,999.632201804736
1967.0,1.0,624.964965857072,999.060242615064
1969.0,1.0,712.706895809608,1173.301498785696
1971.0,1.0,743.8793947208561,1295.239226078432
1973.0,1.0,742.394877596888,1376.2176409982162
1975.0,1.0,758.534269152712,1428.140186588776
1977.0,1.0,735.2086709416401,1382.551888117592
1979.0,1.0,756.791244446488,1302.30261035984
1981.0,1.0,699.38736789656,1205.791002147896
1983.0,1.0,705.4619803475521,1241.588882941136
1985.0,1.0,658.264590683192,1197.9825262217282
1987.0,1.0,584.7639167758,1024.408444801616
1989.0,1.0,635.8563914577919,963.8558059619679
1991.0,1.0,570.2042497704826,988.7907140653725
1994.0,1.0,494.42496804387997,966.18971036772
1996.0,1.0,425.423259800712,916.703129366856
1998.0,1.0,413.756259908816,865.150228331824
2000.0,1.0,383.075462826568,799.1969166366559
2002.0,1.0,341.032160517928,712.511411678088
2004.0,1.0,277.23807927054406,710.233597989384
2006.0,1.0,265.029633159448,785.4529087602721
2008.0,1.0,361.07473631012806,963.50049206372
2010.0,1.0,407.24939443774394,1015.769048194136
2012.0,1.0,396.193145266984,909.034815054968
2014.0,1.0,464.431841804312,753.194653477608
2016.0,1.0,442.96726264678404,650.2131795253761
2018.0,1.0,680.127864690528,736.833891116016
2020.0,1.0,806.5069041639599,771.1448174289201
2022.0,1.0,910.3267736592879,847.7278256494878
2024.0,1.0,829.5672405435839,944.742240724464
2026.0,1.0,798.98307526444,950.708943367944
2028.0,1.0,752.8950711722241,884.642493513632
2030.0,1.0,775.013958475912,921.768271199104
2032.0,1.0,809.273120457528,854.9082248912159
2034.0,1.0,856.797579234272,807.885973589056
2036.0,1.0,936.747353246632,877.9020002202001
2038.0,1.0,1008.766725951336,1007.645979626944
2040.0,1.0,1006.575182421576,991.5496497731522
2042.0,1.0,1045.848702912952,877.875375360256
2044.0,1.0,1105.549966035896,766.3742524289919
2046.0,1.0,1148.753039249448,699.6154334566879
2048.0,1.0,1142.97621546512,692.635696148408
2050.0,1.0,1083.16899865612,644.910028365432
2052.0,1.0,995.707886047752,645.264593013704
2054.0,1.0,942.318435504584,644.2883445787279
2056.0,1.0,1010.29921016732,657.67180920332
2058.0,1.0,1061.2791313815042,672.643785936016
2060.0,1.0,1073.290799546704,596.0154935923999
2062.0,1.0,997.7988143236641,533.123239095408
2064.0,1.0,807.681457898408,516.6341806263999
2066.0,1.0,854.95147673308,705.0468728240801
2068.0,1.0,954.0817656024481,833.226384799776
2070.0,1.0,1040.0167723252,901.4714534974241
2072.0,1.0,1052.87633263116,889.120753051784
2074.0,1.0,1019.3895041878799,933.6877430832881
2076.0,1.0,1130.755049252264,1022.7240736528801
2078.0,1.0,1280.368377023512,1057.5183469515282
2080.0,1.0,1306.989419171024,933.094486250232
2082.0,1.0,1391.1468173621279,957.545919950848
2084.0,1.0,1369.9880504348403,935.927343430248
2086.0,1.0,1299.5462354297838,892.3276226551279
2088.0,1.0,1293.185403988256,883.9254232427761
2090.0,1.0,1297.3908629270481,883.9821464690319
2092.0,1.0,1193.819733755912,903.947284324176
2094.0,1.0,910.367753986448,878.907203955224
2096.0,1.0,733.765650266464,803.9615453584399
2098.0,1.0,625.541173860008,713.079408111184
2100.0,1.0,743.59080357752,756.307547678128
2102.0,1.0,713.2939969169599,721.927534847624
2104.0,1.0,641.1055776624239,790.8134594082401
2106.0,1.0,678.5974002282242,829.275954725488
2108.0,1.0,707.064329826248,876.9383956119281
2110.0,1.0,803.5870376157679,951.74718882004
2112.0,1.0,779.9528255618081,1050.524591128408
2114.0,1.0,650.867885163904,1115.803495039672
2116.0,1.0,681.914084763936,1217.8475583565441
2118.0,1.0,789.300736291864,1244.0746247895117
2120.0,1.0,785.793347984648,1174.3446055004
2122.0,1.0,728.0979779949894,797.4650181607894
2179.0,1.0,708.957906795904,570.004783777664
2181.0,1.0,746.7499206205518,617.534423736888
2183.0,1.0,883.7064964751919,576.629945373392
2185.0,1.0,1014.8229362413759,545.986968782472
2187.0,1.0,1071.4252316396878,540.7272491598319
2189.0,1.0,1095.591723859648,570.153302188568
2191.0,1.0,1154.214689773936,586.18481911192
2193.0,1.0,1278.972100170672,573.5512045221201
2195.0,1.0,1283.90102211948,675.0316882016
2197.0,1.0,1151.782072485736,900.01712241788
2199.0,1.0,1138.8773455831679,1108.682252221552
2201.0,1.0,1065.890319140152,1142.572925054
2203.0,1.0,970.200176097456,1144.649677781584
2205.0,1.0,914.472995689944,1198.343557700192
2207.0,1.0,888.139973970744,1150.442857505408
2209.0,1.0,912.5753393598961,1057.588252715992
2211.0,1.0,1029.155268509208,962.973919703888
2213.0,1.0,1092.010175611952,910.694021100712
2215.0,1.0,1103.572106779992,889.298839738264
2217.0,1.0,1044.3296071749442,902.717121698648
2219.0,1.0,1086.505995768312,870.682217079152
2221.0,1.0,1186.342453341928,726.494809596192
2223.0,1.0,1242.839848027656,666.762127197688
2225.0,1.0,1292.8197913140239,711.270147045888
2227.0,1.0,1299.67914966676,618.040522558392
2229.0,1.0,1249.489988947384,588.790125246056
2231.0,1.0,1214.868129105824,590.410909674896
2233.0,1.0,1151.203375473904,608.251587818328
2235.0,1.0,1101.135227177944,662.6705229004481
2237.0,1.0,992.589314487656,630.47294255796
2239.0,1.0,853.062699051648,500.994071163944
2241.0,1.0,743.3876045938559,471.050494006608
2243.0,1.0,717.0937327806721,474.50797034483196
2245.0,1.0,706.6493700523599,471.17174319120005
2247.0,1.0,685.817584653048,500.73699996309597
2249.0,1.0,685.042491171512,551.2001518776481
2251.0,1.0,708.541746962096,611.53682230032
2253.0,1.0,776.510891581704,699.044146802248
2255.0,1.0,830.9340412679201,798.5760274166239
2257.0,1.0,872.03281641072,862.152183008336
2259.0,1.0,891.5553183164,901.3062363922081
2261.0,1.0,867.482105091136,946.5287462202559
2263.0,1.0,823.796945124144,967.016944892248
2265.0,1.0,780.099533063624,939.410751125112
2267.0,1.0,726.2723062478401,904.470857615408
2269.0,1.0,686.748178863008,863.6866620166959
2271.0,1.0,651.4695607391361,808.787852921808
2273.0,1.0,596.896366398472,752.297371169392
2275.0,1.0,557.108410579488,738.58045192288
2277.0,1.0,577.8255532217361,791.46933724056
2279.0,1.0,621.123342741224,909.38476910604
2281.0,1.0,637.378862255304,1042.161115362576
2283.0,1.0,631.8627214925041,1183.4891471019519
2285.0,1.0,699.2463900627761,1412.48395311864
2287.0,1.0,913.69720637692,1549.6627800055921
2289.0,1.0,1138.8726364309841,1618.5011356441119
2291.0,1.0,1349.312698709808,1692.742989544408
2293.0,1.0,1524.21244827972,1669.204150048744
2295.0,1.0,1597.4223161190798,1599.464471232336
2297.0,1.0,1554.95652737808,1524.9952351840159
2299.0,1.0,1559.352630261976,1471.6309288262241
2301.0,1.0,1550.661864372064,1317.947273014984
2303.0,1.0,1526.5457773933679,1187.285216472304
2305.0,1.0,1507.9943981048318,1125.7029573958962
2307.0,1.0,1530.475867962088,1072.00221253484
2309.0,1.0,1544.302944960656,1046.1295593172722
2311.0,1.0,1429.333396212984,980.229289009168
2313.0,1.0,1221.69268254936,870.344718322336
2315.0,1.0,1018.182694213744,788.888146731824
2317.0,1.0,859.88324742044,741.427717959768
2319.0,1.0,747.9854026111076,997.1726756249151
2330.0,1.0,664.33411786856,1177.688782753672
2332.0,1.0,638.187232521208,850.336961999496
2334.0,1.0,686.998369926944,650.298875934728
2336.0,1.0,902.68156869996,518.183198992472
2338.0,1.0,1123.249481388264,631.974748660984
2340.0,1.0,1122.5808114895117,710.3760871894001
2342.0,1.0,1064.807285309624,709.800090424112
2344.0,1.0,1091.4189662545439,678.068836031296
2346.0,1.0,986.25675494128,508.58711365089596
2348.0,1.0,904.709095011432,560.1071946653119
2350.0,1.0,949.2201912412401,681.8708609828161
2352.0,1.0,1032.177346825584,714.6554757802801
2354.0,1.0,1165.943644624272,697.367435371664
2356.0,1.0,1267.155775386376,657.8092595283999
2358.0,1.0,1217.170312992072,620.070413929992
2360.0,1.0,1114.113920118584,583.578223848608
2362.0,1.0,1060.219279250232,568.0005944978479
2364.0,1.0,1054.9078418383601,637.3988818121679
2366.0,1.0,1074.849098868704,680.986516234512
2368.0,1.0,1174.252304905208,676.455532497336
2370.0,1.0,1378.483406810448,706.934258799288
2372.0,1.0,1650.8992860612962,724.2411062278001
2374.0,1.0,1606.604928120528,728.364249482232
2376.0,1.0,1330.283718170192,697.859807436544
2378.0,1.0,1141.554200603032,615.251971685768
2380.0,1.0,1044.050327989144,569.649378330608
2382.0,1.0,1102.130695845832,549.34595758916
2384.0,1.0,1145.355141687592,531.058888005728
2386.0,1.0,1070.68797328172,583.23452993112
2388.0,1.0,988.3630355796402,630.2712365889599
2390.0,1.0,971.718276771064,694.243963020288
2392.0,1.0,895.665268422448,680.762849219432
2394.0,1.0,836.6466072675521,618.062386599208
2396.0,1.0,948.214583461776,710.877533463144
2398.0,1.0,961.734135328192,784.320020934696
2400.0,1.0,908.992626133616,787.976850053368
2402.0,1.0,828.8705370186001,1147.1936514208955
2433.0,1.0,689.169019454112,1288.371265878696
2435.0,1.0,759.496461627288,1097.900868403376
2437.0,1.0,763.0451386487359,960.0982694135439
2439.0,1.0,728.08565992904,951.610692697208
2441.0,1.0,738.0466457007441,934.596050604144
2443.0,1.0,823.136284135104,884.6761999812959
2445.0,1.0,857.4832377330961,905.230574948096
2447.0,1.0,835.898801104408,1032.505532651784
2449.0,1.0,1001.77147041732,1099.101615245776
2451.0,1.0,1290.226331535096,1282.0874386544479
2453.0,1.0,1268.4214312562722,1397.303724406872
2455.0,1.0,1124.6508418560961,1503.054748857232
2457.0,1.0,1067.838185381872,1593.5249401467681
2459.0,1.0,1138.325798771944,1650.364308495912
2461.0,1.0,1255.8012141039922,1678.75080332276
2463.0,1.0,1299.8890161441282,1847.7989883256
2465.0,1.0,1232.4564091677998,1803.516704037112
2467.0,1.0,1242.1349114012642,1517.862620607032
2469.0,1.0,1317.315214350232,1400.919363942936
2471.0,1.0,1545.5407814536397,1341.424594047064
2473.0,1.0,1856.45996622568,1287.006865641808
2475.0,1.0,1999.3542638065198,1213.134289532376
2477.0,1.0,1925.361218742456,1136.875660542752
2479.0,1.0,1740.1844988878079,1074.383006256408
2481.0,1.0,1712.181687436264,995.008181434656
2483.0,1.0,1787.690114092888,1057.933982035728
2485.0,1.0,1829.216768390912,1183.414068350504
2487.0,1.0,1586.5344945399838,1160.801269684704
2489.0,1.0,1206.222806232112,965.66455058848
2491.0,1.0,1001.329921643288,910.99731673704
2493.0,1.0,894.481004956984,1050.224187457008
2495.0,1.0,826.2401277545839,1155.272797547584
2497.0,1.0,874.206141475408,1289.116816500064
2499.0,1.0,928.0907656023999,1351.544374797808
2501.0,1.0,923.928274171496,1342.97714954452
2509.0,1.0,775.6594723131552,1469.9217868288088
2511.0,1.0,718.562393364216,1513.647652168256
2513.0,1.0,736.1811059914241,1532.9641230166158
2515.0,1.0,809.987271618128,1475.504513071824
2517.0,1.0,870.838316215736,1334.03179499708
2519.0,1.0,873.8316445807759,1214.563731193304
2521.0,1.0,818.28236166416,1239.431144059208
2523.0,1.0,782.422755544944,1192.95352840092
2525.0,1.0,798.436655575696,1218.7808864167441
2527.0,1.0,802.880112734656,1285.191183423416
2529.0,1.0,815.440128000592,1235.242294601312
2531.0,1.0,781.328993269552,1251.01733583436
2533.0,1.0,800.132570797744,1277.25595289992
2535.0,1.0,575.1162090212481,1228.499556506024
2537.0,1.0,600.62794519456,1223.283133104904
2539.0,1.0,585.104143724576,1205.405908376024
2541.0,1.0,595.495203451464,1198.007539927888
2543.0,1.0,599.244110387672,1190.862605704
2545.0,1.0,605.2535101957919,1205.3855942282
2547.0,1.0,612.648634308712,1226.29575495776
2549.0,1.0,700.3612950528,1227.063514018184
2551.0,1.0,800.1544777261599,1184.110067121768
2553.0,1.0,863.7704840288959,1105.757818151168
2555.0,1.0,882.014759572168,998.638838507152
2557.0,1.0,914.966946796968,867.374002217344
2559.0,1.0,1065.0009113052402,843.6335065671681
2561.0,1.0,1239.533081087264,942.10671014168
2563.0,1.0,1287.2227570557202,961.13555497628
2565.0,1.0,1084.912749265608,912.69399380144
2567.0,1.0,833.431000386096,990.8603359173279
2569.0,1.0,772.8786387949599,874.042899362192
2571.0,1.0,904.546885703704,724.30702728012
2573.0,1.0,1023.77858358216,710.0491554182481
2575.0,1.0,1042.1808719788082,720.0967270088399
2577.0,1.0,900.63157792848,726.8233714277119
2579.0,1.0,607.7412302797679,724.30337167084
2581.0,1.0,426.68396913736,908.892410202968
2583.0,1.0,486.47932944228796,1022.0014322611601
2585.0,1.0,548.1688139626481,978.6081678081521
2587.0,1.0,485.61453106727197,1009.237706553504
2589.0,1.0,434.091133616016,1083.204548706736
2591.0,1.0,451.74191786440804,1039.652985495032
2593.0,1.0,558.084694621984,990.9775157318161
2595.0,1.0,772.591077357672,871.993314999376
2597.0,1.0,958.14792475148,786.5237561405281
2599.0,1.0,1169.961958864096,771.52092016504
2601.0,1.0,1321.849596371088,704.6745956762959
2603.0,1.0,1371.769374531912,608.5639248959519
2605.0,1.0,1351.477815296888,610.540020584912
2607.0,1.0,1274.332066507792,680.2478151088479
2609.0,1.0,1222.077522700544,786.60199605408
2611.0,1.0,1178.696953092464,835.949938332488
2613.0,1.0,1167.0083715259439,761.561565001512
2615.0,1.0,1114.8988435822,617.32138127056
2617.0,1.0,1137.534329384752,524.075197505888
2619.0,1.0,1125.777620361072,468.19275081736004
2621.0,1.0,1091.060280086288,549.345967853352
2623.0,1.0,1114.468548204464,649.471844863208
2625.0,1.0,1069.283738357192,650.229418680856
2627.0,1.0,983.5244800529281,651.478707071248
2629.0,1.0,856.835828464648,563.154733338776
2631.0,1.0,800.0379256059359,377.22363830297604
2633.0,1.0,841.031521735272,337.585306998536
2635.0,1.0,898.974804561112,430.346150606888
2637.0,1.0,958.2468736454721,551.4277893042
2639.0,1.0,1019.845626975688,568.663336732016
2641.0,1.0,1049.108521525632,590.252025136456
2643.0,1.0,1111.4095758337921,647.068074690184
2645.0,1.0,1035.020955725096,566.052610924304
2647.0,1.0,850.0900033199121,552.609736623024
2649.0,1.0,805.652417452832,703.068592195704
2651.0,1.0,747.948156159712,762.30651307012
2653.0,1.0,676.8965165461921,888.321041266136
2655.0,1.0,734.0364124217999,1063.728330032192
2657.0,1.0,807.384437460384,1017.09529433904
2659.0,1.0,978.836569095296,858.6982759059281
2661.0,1.0,1048.207136503104,804.073198698416
2663.0,1.0,1035.66730164776,897.8247309173761
2665.0,1.0,1041.281100834688,1100.535870863208
2667.0,1.0,1013.082004623024,1219.767862200968
2669.0,1.0,1045.900688947904,1278.41436791516
2671.0,1.0,1079.703886912328,1224.7047293696
2673.0,1.0,1105.3970867201201,1061.843457219888
2675.0,1.0,1087.22458378448,811.497151726312
2677.0,1.0,1208.149593845528,725.61761359092
2679.0,1.0,1170.8662318655279,746.3389068446402
2681.0,1.0,1024.879646732632,600.7467596825361
2683.0,1.0,912.353176092192,451.466195466208
2685.0,1.0,873.713491902528,418.42714196644806
2687.0,1.0,811.15339536592,418.523743121136
2689.0,1.0,784.396589651824,456.030638912376
2691.0,1.0,763.145066468416,540.23642220904
2693.0,1.0,730.980594430504,662.937165359424
2695.0,1.0,717.113271491856,762.9576191704
2697.0,1.0,720.4460240507119,833.012654200104
2699.0,1.0,715.357946290384,876.835828006408
2701.0,1.0,721.067944166112,870.6225303197359
2703.0,1.0,731.659156011816,843.74855179012
2705.0,1.0,697.230563812944,803.131047909264
2707.0,1.0,659.900878136096,741.490941720824
2709.0,1.0,607.348480033344,670.718647772488
2711.0,1.0,559.648262076568,611.139306809056
2713.0,1.0,511.070444055664,553.5653639369018
2719.0,2.0,549.4850747786561,591.771711514202
2721.0,2.0,490.19353053284436,619.7349150043445
2737.0,2.0,496.53544980737604,680.1695141002881
2739.0,2.0,702.9461108539681,736.858092336416
2741.0,2.0,765.822114583392,745.0031061209199
2743.0,2.0,763.1705124311279,680.7359734201759
2745.0,2.0,817.1063637276241,670.517441930568
2747.0,2.0,776.7060652437513,970.3592339729316
2760.0,2.0,666.5081508381361,1169.997641923936
2762.0,2.0,688.869219834736,1187.3953839623682
2764.0,2.0,781.8080766223841,1182.94511354232
2766.0,2.0,992.665799541528,1392.375744363464
2768.0,2.0,1148.5818930885039,1553.470685675992
2770.0,2.0,1146.285966113864,1614.0206611884719
2772.0,2.0,1073.9519686492881,1552.8346250431441
2774.0,2.0,921.57077489672,1417.888376721832
2776.0,2.0,662.806515097584,1279.11551429404
2778.0,2.0,569.2375738443039,1239.450922522888
2780.0,2.0,569.222671945816,1295.178437042824
2782.0,2.0,651.229050516552,1306.780359881536
2784.0,2.0,799.017281628528,1278.8265506989278
2786.0,2.0,749.827622395376,1242.739372825248
2788.0,2.0,691.247477212472,1263.280852197112
2790.0,2.0,744.654252428712,1360.10460060016
2792.0,2.0,754.782057060184,1286.2487889075842
2794.0,2.0,659.2235535989521,1078.3967928126558
2796.0,2.0,448.768883118808,962.94566938228
2798.0,2.0,301.3536000248,912.487052676456
2800.0,2.0,372.5069936048,941.983250321152
2802.0,2.0,453.90216100735995,952.4518084602161
2804.0,2.0,567.5308603390799,939.9342894503361
2806.0,2.0,764.617570905368,904.2402867779281
2808.0,2.0,960.8019462401121,846.032432582168
2810.0,2.0,1059.6790974728078,753.595902165064
2812.0,2.0,1072.2571133131842,662.8605395044799
2814.0,2.0,1038.4246096750398,574.626080251752
2816.0,2.0,975.48791572448,531.4205870242799
2818.0,2.0,895.9857702107041,607.2924341572641
2820.0,2.0,683.2843391906599,906.61479559562
2837.0,2.0,569.259781663472,1221.892911786568
2839.0,2.0,664.030834774152,1303.0621920884241
2841.0,2.0,759.0097341472081,1386.608431982032
2843.0,2.0,856.4639907597921,1397.50688456104
2845.0,2.0,1004.279575489344,1480.5060020435678
2847.0,2.0,858.2461384987,1480.9449895714
2862.0,2.0,583.3634679109359,1371.451724603272
2864.0,2.0,558.6159542721359,1329.913521258416
2866.0,2.0,598.275220852176,1394.553056886544
2868.0,2.0,691.8848056748559,1387.899729014488
2870.0,2.0,774.670966999648,1375.612384236304
2872.0,2.0,692.363657744592,1391.694424294968
2874.0,2.0,616.11519036992,1333.2406188745758
2876.0,2.0,719.332676601368,1468.1225588398643
2878.0,2.0,768.579207754608,1708.1793663428798
2880.0,2.0,716.586586838592,1647.6209409352482
2882.0,2.0,762.713296168096,1410.3671325966961
2884.0,2.0,821.2898859689601,1194.484976178584
2886.0,2.0,929.508814485936,975.7478075382639
2888.0,2.0,1063.5195265257921,835.027705344864
2890.0,2.0,1223.7170679892479,772.9515507855681
2892.0,2.0,1496.8273121595842,916.1431855023279
2894.0,2.0,1595.058606849568,1014.5324650786481
2896.0,2.0,1593.369420518968,1107.1584250802641
2898.0,2.0,1627.831406495256,1107.7097677969682
2900.0,2.0,1565.31961068736,1046.1937254738718
2902.0,2.0,1187.319072628504,831.0252727725521
2904.0,2.0,865.556215681016,742.338385942048
2906.0,2.0,682.951062134216,788.58606036724
2908.0,2.0,558.3813620842479,866.320944303624
2910.0,2.0,556.659796458984,907.015937255088
2912.0,2.0,671.6516855160721,1027.675806204272
2914.0,2.0,564.78370210913,1184.10711325708
2926.0,2.0,355.90630857353597,1155.110884106632
2928.0,2.0,393.85430643021596,1120.031849130888
2930.0,2.0,448.355652414376,1150.786810269384
2932.0,2.0,356.89687529686404,1076.8006737057121
2934.0,2.0,339.287209293504,1056.392736156968
2936.0,2.0,442.3050009916,1150.56613336336
2938.0,2.0,599.819756584672,1176.983862157872
2940.0,2.0,653.710243468208,1121.814949005256
2942.0,2.0,567.89818737124,898.0438786822399
2944.0,2.0,721.32541533888,812.6431855022879
2946.0,2.0,943.869976324672,799.926095965488
2948.0,2.0,1044.2960018499361,888.72457961804
2950.0,2.0,1008.5671604556,903.1895415077599
2952.0,2.0,995.764077366856,871.800493841832
2954.0,2.0,946.413942450888,608.3837106457361
2956.0,2.0,986.75288093256,785.8677552244001
2958.0,2.0,1050.550157628702,868.788568068239
3020.0,2.0,464.03179137838003,675.788933835404
3022.0,2.0,541.5943796688321,887.0057756803119
3024.0,2.0,656.5871813308,1224.8102575746238
3026.0,2.0,687.807954077712,1422.920784957384
3028.0,2.0,678.872180937264,1442.7432421319918
3030.0,2.0,851.489825593336,1597.56884138824
3032.0,2.0,1120.141966525352,1703.279252276104
3034.0,2.0,1103.274262669392,1416.2349542311279
3036.0,2.0,1118.60041056564,1285.7601246955678
3038.0,2.0,1112.4955032438402,1135.70599972124
3040.0,2.0,1118.245125160616,989.893393767192
3042.0,2.0,1117.871555503104,867.3665050828399
3044.0,2.0,1090.0413914226638,782.1478532657761
3046.0,2.0,1042.950123628624,696.956810863792
3048.0,2.0,970.431013645352,571.678409593192
3050.0,2.0,936.764185973704,509.37547073180804
3052.0,2.0,855.427489405832,480.86908769167997
3054.0,2.0,746.835198180232,498.80050790212795
3056.0,2.0,635.41587000396,568.89050862268
3058.0,2.0,698.1255671966321,673.6729316340959
3060.0,2.0,824.636693039408,924.267690040072
3062.0,2.0,942.982853166272,1171.468177726344
3064.0,2.0,847.36704178024,1168.8653664684161
3066.0,2.0,612.7067018137534,1165.4389682102667
3080.0,2.0,552.440157286664,1278.204646059104
3082.0,2.0,583.475060761376,1316.9180428103118
3084.0,2.0,626.531439101528,1243.503266148776
3086.0,2.0,685.104149866736,1088.090720721136
3088.0,2.0,736.022739607272,825.396741759896
3090.0,2.0,881.298440901096,667.271878658776
3092.0,2.0,987.4242333029281,663.2362210050801
3094.0,2.0,1084.94656825736,718.786844588072
3096.0,2.0,1078.603431807112,810.544438038432
3098.0,2.0,1005.425554960248,849.315695149976
3100.0,2.0,947.965247331512,707.812463412792
3102.0,2.0,897.7941491609599,613.3036669525759
3104.0,2.0,870.371335246272,653.456341920488
3106.0,2.0,791.435619355424,630.49109414
3108.0,2.0,699.11807917896,595.172021029632
3110.0,2.0,633.3403117969481,599.57119932566
3122.0,2.0,520.117663356544,272.424718731192
3124.0,2.0,701.515741710848,310.11042520205604
3126.0,2.0,1012.9757246884719,447.709183739472
3128.0,2.0,1322.352232498224,654.9078885568399
3130.0,2.0,1485.052318407688,745.6057857777599
3132.0,2.0,1398.585678336024,777.6479033924
3134.0,2.0,1433.275707433936,791.488743814688
3136.0,2.0,1637.48805637928,875.338857065824
3138.0,2.0,1758.337767758384,990.137197728624
3140.0,2.0,1812.1389856738642,1135.614588038232
3142.0,2.0,1530.64573878276,1152.463257692552
3144.0,2.0,1172.798134376656,1059.143383321904
3146.0,2.0,967.227713645432,961.728883615432
3148.0,2.0,813.058474681776,1028.50671868288
3150.0,2.0,545.216032197784,1081.034557846608
3152.0,2.0,494.751824801376,1106.458257965848
3154.0,2.0,437.508314473576,1188.148824777688
3156.0,2.0,401.117947692424,1143.744210003696
3158.0,2.0,431.95065192586407,1049.753022632776
3160.0,2.0,520.048780457736,909.715048596752
3162.0,2.0,623.773872631408,728.702498937832
3164.0,2.0,745.088480902104,756.386640290872
3166.0,2.0,765.795037817888,897.2690640926401
3168.0,2.0,796.20221246624,1123.9855536121681
3170.0,2.0,809.5730359524312,1454.503489075583
3175.0,2.0,764.824262345232,1811.147745233192
3177.0,2.0,786.731957123,1941.611575886936
3179.0,2.0,879.2730582127841,1867.9662620564882
3181.0,2.0,900.092136888384,1684.996009801896
3183.0,2.0,871.8481539018801,1526.521918733168
3185.0,2.0,864.6113907382799,1428.770709560296
3187.0,2.0,874.438395416928,1319.703517568024
3189.0,2.0,873.3123037694801,1154.6406338766878
3191.0,2.0,918.2331467385441,1221.6124499049201
3193.0,2.0,836.026299740328,1246.365841927208
3195.0,2.0,753.2035135223759,1097.517900832928
3197.0,2.0,724.76729174148,964.177030489176
3199.0,2.0,685.7070215374881,825.803758642144
3201.0,2.0,836.433561723408,779.287080035152
3203.0,2.0,967.7092679150801,675.514075334024
3205.0,2.0,1100.743606864808,582.9470553574399
3207.0,2.0,1149.5979016299439,569.37739745384
3209.0,2.0,1082.867260610928,638.561618318936
3211.0,2.0,993.802629998944,722.516061711792
3213.0,2.0,915.3683540315919,756.2032380936239
3215.0,2.0,848.028693789992,835.0675421876961
3217.0,2.0,831.07461936044,854.68452780436
3219.0,2.0,812.764268427152,759.195459727928
3221.0,2.0,774.0755265534481,675.241086721192
3223.0,2.0,728.0039304929439,692.720444302112
3225.0,2.0,722.8695478486479,625.3855941967761
3227.0,2.0,796.0445493810639,580.9045531213201
3229.0,2.0,873.615668941384,589.99528272132
3231.0,2.0,1007.332111303424,571.389638876952
3233.0,2.0,1108.093276623344,728.70281865588
3235.0,2.0,1140.53759856208,799.893300473696
3237.0,2.0,1205.2630321136162,666.659159728368
3239.0,2.0,1225.0977899925037,629.733619771128
3241.0,2.0,1252.036451398616,674.5062340692641
3243.0,2.0,1308.206228637776,655.9663312069599
3245.0,2.0,1392.36469008096,753.093277440984
3247.0,2.0,1527.5315014294315,948.936393389072
3296.0,2.0,972.575314263648,117.01599391116
3298.0,2.0,906.6384475411919,139.02622158072
3300.0,2.0,768.053581877256,229.96043401868
3302.0,2.0,684.21745391208,243.660619842736
3304.0,2.0,542.188110730624,253.40189126473598
3306.0,2.0,669.146963857624,341.587185729752
3308.0,2.0,852.896809706728,526.6801277644479
3310.0,2.0,897.7465661976801,564.288479204672
3312.0,2.0,1021.1347383335119,477.574930642728
3314.0,2.0,1213.315418074144,483.17160291527193
3316.0,2.0,1284.583363698528,609.5775034476001
3318.0,2.0,1204.793497450664,709.1298487705039
3320.0,2.0,1144.8502921206082,710.9079834789441
3322.0,2.0,1301.296619237312,674.664022768256
3324.0,2.0,1404.6655228579762,611.054436241888
3326.0,2.0,1227.638599245376,623.740906382096
3328.0,2.0,1100.404619475792,688.41868796096
3330.0,2.0,1046.0139690469841,749.420220750088
3332.0,2.0,1005.8934803290799,811.0036416407679
3334.0,2.0,981.961264226208,803.516372856112
3336.0,2.0,960.13654361964,740.7850477711199
3338.0,2.0,965.6680142415121,701.060157966112
3340.0,2.0,967.715456725504,620.229030143424
3342.0,2.0,914.0960109685279,575.85751386392
3344.0,2.0,757.376786420192,706.0357709602799
3346.0,2.0,679.115393662496,848.2815302043439
3348.0,2.0,532.415547729992,937.044997897456
3350.0,2.0,395.45018878319195,1057.9944519443438
3352.0,2.0,377.452068378872,1065.7679877104001
3354.0,2.0,558.6456671257761,1131.114109140904
3356.0,2.0,650.943786088664,1228.664649179536
3358.0,2.0,591.610985012808,1203.780291999512
3360.0,2.0,531.07328987084,1190.0352441961359
3362.0,2.0,551.853381714216,1234.02171657592
3364.0,2.0,639.198786958336,1299.818667902168
3366.0,2.0,633.0571052422481,1261.172737735432
3368.0,2.0,485.3350754784862,1203.5785281734975
3419.0,2.0,53.29648682966837,496.47143972494473
3421.0,2.0,142.27087779355872,727.7941919620381
3442.0,2.0,238.88991817192,784.973205851008
3444.0,2.0,188.700415346448,706.3696736170641
3446.0,2.0,141.368044861056,668.5317506636882
3448.0,2.0,169.781538073616,620.3983674279359
3450.0,2.0,164.01456392037602,640.461264330888
3452.0,2.0,169.914827587904,740.176307678336
3454.0,2.0,172.52918721511202,753.243732144136
3456.0,2.0,246.052242567976,754.855031616232
3458.0,2.0,377.344072774536,729.5420849469999
3460.0,2.0,553.084947369736,675.965559031408
3462.0,2.0,726.042903690208,623.502471537328
3464.0,2.0,833.356035629168,586.5913956141999
3466.0,2.0,843.9673644622719,556.811232718744
3468.0,2.0,804.611040723,518.9725555058319
3470.0,2.0,761.7568600743999,476.06117019423993
3472.0,2.0,721.8148224145839,460.525118656176
3474.0,2.0,697.562966340768,598.3403184986159
3476.0,2.0,719.251354446104,676.3470114009681
3478.0,2.0,685.19585557848,873.4455572725999
3480.0,2.0,657.037888373392,1143.615285041528
3482.0,2.0,792.9062515504161,1463.416187473432
3484.0,2.0,1070.9750108415678,1576.476902654488
3486.0,2.0,1058.856432668912,1572.33966998012
3488.0,2.0,873.9238638336881,1342.655687765992
3490.0,2.0,756.1555969341533,1282.0215303831133
3530.0,2.0,634.4113092441601,1279.05479392184
3532.0,2.0,596.4144765748,1265.173955363304
3534.0,2.0,619.400998478968,1242.328849049176
3536.0,2.0,718.157905372728,1216.74643073772
3538.0,2.0,841.4966281273839,1289.22571443788
3540.0,2.0,684.953864731784,1186.022935301512
3542.0,2.0,578.019228375912,1170.316101822744
3544.0,2.0,598.505582470248,1221.3366507703522
3546.0,2.0,655.503551881608,1451.2147182522322
3548.0,2.0,801.15240799092,1598.4700241903283
3550.0,2.0,839.032453487176,1594.8137651091279
3552.0,2.0,745.5538281855761,1469.7793118374238
3554.0,2.0,675.8239052097601,1286.2791399647522
3556.0,2.0,628.705414378272,1191.100442443344
3558.0,2.0,657.42895881704,1211.641329843792
3560.0,2.0,801.843535112848,1166.484439081696
3562.0,2.0,905.111357540128,1036.306851940104
3564.0,2.0,999.571005877528,962.1905103887921
3566.0,2.0,1005.1979404335119,827.793233842328
3568.0,2.0,828.0455093356898,686.3128400047516
3571.0,2.0,825.5790471601409,756.0270835559008
3573.0,2.0,938.842059747112,794.931435420464
3575.0,2.0,1073.407403643816,866.396820959048
3577.0,2.0,1077.807233885424,914.9369022744161
3579.0,2.0,1060.441485888472,861.697237668952
3581.0,2.0,982.9229339766239,769.5294551676241
3583.0,2.0,997.236970906064,708.980110412808
3585.0,2.0,1029.825267246008,687.79138426244
3587.0,2.0,982.3683133138,676.6920696486959
3589.0,2.0,904.235348050944,626.8804910281519
3591.0,2.0,873.963705873488,614.39310928616
3593.0,2.0,895.463641791904,601.487999689248
3595.0,2.0,959.297794300696,586.9844954990799
3597.0,2.0,933.907566598152,736.3039943472961
3599.0,2.0,898.4698256970239,959.260514344496
3601.0,2.0,922.87218127892,1133.6280613353201
3603.0,2.0,901.4967965154799,1228.500475677392
3605.0,2.0,741.9712295520801,1218.60297187172
3607.0,2.0,591.9160567940401,1233.621717791704
3636.0,2.0,52.71260934927599,612.0087203739694
3638.0,2.0,41.855255795168006,667.882260128488
3640.0,2.0,51.21559007544799,590.8240613364001
3642.0,2.0,72.32381435536799,571.493473814656
3644.0,2.0,222.82139489363198,618.64501204312
3646.0,2.0,495.185585425112,662.6854891159201
3648.0,2.0,708.21837303812,670.7592659408961
3650.0,2.0,777.9790603345759,669.800649621816
3652.0,2.0,744.990622499224,687.226297691736
3654.0,2.0,614.860023113104,739.865585935136
3656.0,2.0,580.01592615788,769.436186019056
3658.0,2.0,667.3158694864239,952.650346433928
3660.0,2.0,794.4410314763578,986.9472560562167
3675.0,2.0,827.854747404472,862.459856452296
3677.0,2.0,803.5281109471599,868.216790366096
3679.0,2.0,736.061042494,773.672297633776
3681.0,2.0,685.3468724695921,694.651659451152
3683.0,2.0,854.943560475,681.255148764624
3685.0,2.0,994.21826466508,705.8500636158001
3687.0,2.0,1101.6546859842,802.178249210232
3689.0,2.0,1242.527944489608,953.220883896056
3691.0,2.0,1351.924962582184,957.881228874016
3693.0,2.0,1323.820921827272,925.4756192652401
3695.0,2.0,1297.495561628224,941.530952285552
3697.0,2.0,1237.820207286464,958.348546803064
3699.0,2.0,1188.074409255944,918.62946634332
3701.0,2.0,1141.583761778728,842.716097302888
3703.0,2.0,1076.133906812664,715.9510916661359
3705.0,2.0,1083.4069364227921,664.080299919224
3707.0,2.0,1122.603987047552,697.9424006433201
3709.0,2.0,1173.888199286824,737.190498410576
3711.0,2.0,1202.971281713664,729.2866041408959
3713.0,2.0,1193.6449252894563,656.750779555256
3715.0,2.0,1108.77853236796,564.338358658376
3717.0,2.0,1145.01219529016,575.881881826984
3719.0,2.0,1168.1718801680881,656.558403059232
3721.0,2.0,1167.5560874077041,683.2832444864721
3723.0,2.0,1212.090261310912,709.520004439664
3725.0,2.0,1255.545680982224,726.8816817834879
3727.0,2.0,1078.2188634407762,714.7318171354641
3729.0,2.0,918.133300520632,635.32000154968
3731.0,2.0,952.145989504912,623.37813616104
3733.0,2.0,1002.135936205048,643.0616335039999
3735.0,2.0,1095.654456691032,634.1052724991359
3737.0,2.0,1182.862494739936,634.9809963569039
3739.0,2.0,1295.36268481776,742.216538673656
3741.0,2.0,1400.491829596808,750.050533435416
3743.0,2.0,1332.03189272572,686.578002545672
3745.0,2.0,1178.833625342776,744.334510688016
3747.0,2.0,1090.882133609448,786.192341872752
3749.0,2.0,955.71438649712,757.0859372915679
3751.0,2.0,985.529426432232,684.36864834344
3753.0,2.0,1057.506749964288,676.712557278664
3755.0,2.0,1243.422711378816,696.62809176092
3757.0,2.0,1371.810977291496,711.035069810056
3759.0,2.0,1423.3121896936561,736.5367848883759
3761.0,2.0,1422.653882635592,728.5522410851601
3763.0,2.0,1471.1524558107917,761.318108126904
3765.0,2.0,1498.071738400784,862.613380840824
3767.0,2.0,1459.291093366592,914.3209140474879
3769.0,2.0,1361.5310942323358,852.198925776768
3771.0,2.0,1266.295582101648,649.1305993807839
3773.0,2.0,1145.835086273888,531.638234725056
3775.0,2.0,1071.275593256952,565.05380670396
3777.0,2.0,1041.4654849994,640.8952314421999
3779.0,2.0,1060.988998641584,604.568884149264
3781.0,2.0,988.753648985632,575.72864581612
3783.0,2.0,927.0165918849593,670.4645557583823
3835.0,2.0,1103.0226606566443,606.2824376101267
3837.0,2.0,1083.355262328456,574.25050302208
3839.0,2.0,1189.14249928788,573.311485860472
3841.0,2.0,1199.667794442104,642.836396096376
3843.0,2.0,1110.175617288056,585.551777175056
3845.0,2.0,1192.630296352008,611.767648243336
3847.0,2.0,1341.2588560701438,641.821779823384
3849.0,2.0,1447.2113445241519,683.1375399274
3851.0,2.0,1380.256554101864,719.8554644800881
3853.0,2.0,1299.577501196568,599.469437253784
3855.0,2.0,1244.13160295552,488.891542475456
3857.0,2.0,1237.350820798368,505.73498719473605
3859.0,2.0,1209.0932711377122,634.7430779725439
3861.0,2.0,1135.5038202082642,766.503867607616
3863.0,2.0,1035.71757798836,742.911451502056
3865.0,2.0,999.546776668464,729.596084046608
3867.0,2.0,1054.3071563612161,769.7557485904961
3869.0,2.0,1009.38201029544,720.332749955896
3871.0,2.0,938.6484127545921,605.129412784416
3873.0,2.0,976.441914267192,598.7932595094401
3875.0,2.0,1026.103149158952,604.14088465648
3877.0,2.0,1126.191906994256,814.603531408512
3879.0,2.0,863.042154580928,953.2892764346241
3881.0,2.0,761.071734491848,1012.929184751624
3883.0,2.0,741.154645626016,1018.878883283416
3885.0,2.0,712.170615960448,1019.502254599872
3887.0,2.0,735.538477364104,1037.550908266744
3889.0,2.0,773.2437419717121,1050.954962067608
3891.0,2.0,769.327665247048,1089.853351302688
3893.0,2.0,723.895533891096,1037.439816545296
3895.0,2.0,669.419813110984,953.700912116776
3897.0,2.0,761.28419345616,965.523720367328
3899.0,2.0,736.9377638885119,859.672207747368
3901.0,2.0,768.758017922464,808.548703865152
3903.0,2.0,823.0961894621121,933.3157513218481
3905.0,2.0,960.231321770216,1011.947835849352
3907.0,2.0,1134.052636602832,1053.3857973652161
3909.0,2.0,1209.8516578519761,1018.2206644368559
3911.0,2.0,1199.6045905787319,1032.275659638804
3946.0,2.0,615.7342591058091,85.89708121498288
3948.0,2.0,691.384310388592,91.736123586232
3950.0,2.0,695.290496374944,122.79680489439198
3952.0,2.0,611.890793528368,252.95518657947198
3954.0,2.0,681.9926806157359,426.23488100436003
3956.0,2.0,751.9429901232959,420.876610585568
3958.0,2.0,745.0302582676879,315.995192491296
3960.0,2.0,771.399289014112,335.497715161664
3962.0,2.0,764.1627127323279,315.123538306368
3964.0,2.0,765.160915099088,255.53628389597603
3966.0,2.0,801.150380640008,193.188540488616
3968.0,2.0,898.622859537904,185.687880796888
3970.0,2.0,861.427011457248,189.16790520071203
3972.0,2.0,774.040398163624,227.52568788371997
3974.0,2.0,760.385513372584,375.090496202072
3976.0,2.0,750.1748900104319,634.4398188303201
3978.0,2.0,744.9553543462799,966.3431228376319
3980.0,2.0,712.4502927395281,1115.982748845512
3982.0,2.0,691.10425260184,1125.0972093078722
3984.0,2.0,664.3892289895759,1094.115582662336
3986.0,2.0,637.8103610951359,1119.101336933552
3988.0,2.0,708.967327493328,1456.96927483068
3990.0,2.0,868.28743866268,1740.772605309336
3992.0,2.0,1004.723192447608,1787.5741011166479
3994.0,2.0,1034.24269674224,1779.3249940957598
3996.0,2.0,1032.223049805512,1813.751226957656
3998.0,2.0,1053.403613926624,1698.4455341174798
4000.0,2.0,1120.758980104696,1505.9077087600162
4002.0,2.0,1230.2993240986516,1350.905476142083
4007.0,2.0,901.6502542258892,1163.57129040392
4009.0,2.0,764.6717448422241,1149.336439401992
4011.0,2.0,660.792287055968,1136.568466452416
4013.0,2.0,605.8318614759039,1065.738104048784
4015.0,2.0,625.3836942184321,849.725407817016
4017.0,2.0,714.20289602,555.807901470752
4019.0,2.0,890.839110165592,475.824170570392
4021.0,2.0,1080.523101736768,629.8439236653841
4023.0,2.0,1100.942235673736,778.12511076232
4025.0,2.0,1071.2310780761359,758.15018028416
4027.0,2.0,1075.6689558754879,741.38111823256
4029.0,2.0,929.052884130104,871.608628047024
4031.0,2.0,779.61243899908,1015.177329317624
4033.0,2.0,727.565493607128,1046.1903982682798
4035.0,2.0,761.720784567792,1143.27563149636
4037.0,2.0,769.700301173032,1225.442531866696
4039.0,2.0,649.11160364824,1256.333882002728
4041.0,2.0,599.750517307928,1202.267504011136
4043.0,2.0,656.0147851417121,1137.201622290096
4045.0,2.0,693.146007209784,1070.058668728896
4047.0,2.0,735.690870622816,1117.706515116424
4049.0,2.0,758.5828630091601,1207.0270084503918
4051.0,2.0,750.692205215152,1267.008446007152
4053.0,2.0,731.054602419136,1231.086730058408
4055.0,2.0,702.538780012864,1117.2151936391679
4057.0,2.0,610.10669476936,980.7881306335439
4059.0,2.0,530.6669870923599,936.4590502142639
4061.0,2.0,538.273479080216,971.881586942216
4063.0,2.0,650.528265359384,1165.437703867
4065.0,2.0,682.7099720136159,1243.4190552721839
4067.0,2.0,558.436876384744,1216.8950928905601
4069.0,2.0,497.51872295012004,1201.892029214352
4071.0,2.0,549.361841419072,1189.58499019076
4073.0,2.0,605.52273505772,1118.0444774773841
4075.0,2.0,548.3067215200001,1037.909859033472
4077.0,2.0,471.22412156480004,944.29027189264
4079.0,2.0,427.96368304355997,1019.5885611015519
4081.0,2.0,425.085221171904,995.951181960512
4083.0,2.0,432.732369768432,1028.2864223088
4085.0,2.0,476.98027031836796,1110.197248978992
4087.0,2.0,496.540363147784,1191.3514372713598
4089.0,2.0,541.8723320564479,1198.6172045331678
4091.0,2.0,636.355988158736,1184.4449510108002
4093.0,2.0,678.9986229380481,1090.789195401784
4095.0,2.0,657.956014545352,1025.026934802808
4097.0,2.0,698.65278501124,1009.8990328337361
4099.0,2.0,679.8193738336251,1005.6111687273828
4127.0,2.0,512.1489434943707,570.7300399674907
4129.0,2.0,504.67562168275197,595.6421969595119
4131.0,2.0,458.84112796730403,646.4179466218
4133.0,2.0,468.6892559134,802.029677611496
4135.0,2.0,544.60544894732,1016.1099473898239
4137.0,2.0,607.57342853712,1144.456406369112
4139.0,2.0,605.9831493734,1117.379077848232
4141.0,2.0,518.8568652605841,1043.5740879112
4143.0,2.0,516.1762066656161,1056.0983720543518
4145.0,2.0,686.383244749896,1044.8157749322
4147.0,2.0,845.9751467066401,964.3012090626321
4149.0,2.0,1103.2500212283521,960.87215851036
4151.0,2.0,1307.62866142228,907.287787919336
4153.0,2.0,1270.671030447128,891.0953417281439
4155.0,2.0,1121.478493923592,885.8473759316159
4157.0,2.0,1076.525225910688,798.566909757936
4159.0,2.0,1216.993796006168,900.723775110496
4161.0,2.0,1359.355866046616,1035.7553257798
4163.0,2.0,1270.820364082832,909.764647046576
4165.0,2.0,1147.9953623429842,744.019523783808
4167.0,2.0,963.8606465087839,590.491793454016
4169.0,2.0,940.2044580557041,495.235693098512
4171.0,2.0,1010.187098297632,479.20664923275206
4173.0,2.0,1078.181800661616,574.585396850944
4175.0,2.0,1022.321878944256,704.18374156576
4177.0,2.0,1003.3657111266721,689.1427772380559
4179.0,2.0,949.289509020312,632.0806031289201
4181.0,2.0,851.3451173961039,593.08803236384
4183.0,2.0,839.8210030557622,611.9600905490552
4190.0,2.0,827.7380393231502,508.98654239203375
4192.0,2.0,876.5161270846161,530.035403542928
4194.0,2.0,856.401936792264,605.010500642456
4196.0,2.0,839.4025517502639,602.495611739608
4198.0,2.0,782.88035155605,603.2055995650715
4202.0,2.0,778.2198436873298,695.3302829301342
4261.0,2.0,680.41374697376,966.441791369256
4263.0,2.0,743.1047043106801,963.1876261783839
4265.0,2.0,846.356273591752,947.9189316571681
4267.0,2.0,953.813039310672,936.7524913180641
4269.0,2.0,1053.7127977853602,795.169795467816
4271.0,2.0,1100.125926293184,682.2145233076401
4273.0,2.0,936.0694040770222,886.5067181666001
4281.0,2.0,744.753122669008,1158.816039931648
4283.0,2.0,729.815560950376,1268.302201962312
4285.0,2.0,711.9057110907839,1290.960958857736
4287.0,2.0,745.5880832613279,1365.5033790635362
4289.0,2.0,827.745812208504,1438.6115448051842
4291.0,2.0,935.4208574886881,1495.3318349977121
4293.0,2.0,1094.240334897515,1592.34809773983
4301.0,2.0,783.922622205824,1453.8177039437599
4303.0,2.0,725.46474070468,1502.7202470714878
4305.0,2.0,676.186783954464,1510.7040892551922
4307.0,2.0,646.4092846240401,1475.859923283368
4309.0,2.0,636.919721874336,1384.5275218602478
4311.0,2.0,609.1142993331841,1230.28114562684
4313.0,2.0,559.065116784488,1120.844420457056
4315.0,2.0,573.931939421776,1127.0354624850638
4317.0,2.0,619.941650946,1175.3300741711118
4319.0,2.0,616.485874427168,1085.394156866872
4321.0,2.0,693.5961780852961,720.2192665551761
4323.0,2.0,855.41722810424,525.6005369360321
4325.0,2.0,834.8008911151601,644.73404090804
4327.0,2.0,777.889853153496,745.8841279091439
4329.0,2.0,731.2934458710081,796.374720838272
4331.0,2.0,635.9287810065534,831.6563137974481
4335.0,2.0,406.944388451136,727.5075090853879
4337.0,2.0,479.022719979336,798.5014623000479
4339.0,2.0,589.588584533584,949.2518747764959
4341.0,2.0,659.82648089384,1142.487426763736
4343.0,2.0,538.6739478658476,943.1944292851333
4368.0,2.0,370.413349289616,604.92262926956
4370.0,2.0,366.68049720753595,508.791925229944
4372.0,2.0,458.07612180786407,500.944063724992
4374.0,2.0,606.106995254408,568.662518768176
4376.0,2.0,651.9945107944079,615.0184577714319
4378.0,2.0,678.759014717376,662.038122547664
4380.0,2.0,778.55194538464,759.3764762645841
4382.0,2.0,690.2461070526849,480.60043055214544
4438.0,2.0,566.6135945788719,196.68704257160798
4440.0,2.0,651.77291106256,275.896068789952
4442.0,2.0,823.525134370592,357.96616535268004
4444.0,2.0,1036.878507759472,648.102045899192
4446.0,2.0,1434.1763749433119,1020.694243520448
4448.0,2.0,1677.8301659364588,1345.92785909588
4454.0,2.0,1397.828378994897,1468.1421132768446
4456.0,2.0,1208.955234600408,1395.4289694785841
4458.0,2.0,938.820649428272,1349.594102900504
4460.0,2.0,638.243009452392,1256.79573041488
4462.0,2.0,475.363618819776,1184.9492884638
4464.0,2.0,470.925332370072,1145.792383487008
4466.0,2.0,466.10864454584,1086.886879066272
4468.0,2.0,510.86544621468795,1097.683193593312
4470.0,2.0,302.69162386021026,722.7612901806533
4669.0,2.0,392.3004499821506,406.72333930769565
4671.0,2.0,630.71529220448,477.965402822376
4673.0,2.0,922.9074241029521,531.117264739976
4675.0,2.0,1067.47860256004,559.9042227480641
4677.0,2.0,1075.9036823340002,686.911125923952
4679.0,2.0,1111.700337305928,734.2766569430879
4681.0,2.0,1150.446862363912,707.0130697954721
4683.0,2.0,1052.389810478168,616.9093686388401
4685.0,2.0,995.3583334246159,537.886705599272
4687.0,2.0,972.39265067016,575.0443297856721
4689.0,2.0,1041.150629367288,532.378086312392
4691.0,2.0,1228.932282825008,468.404461180416
4693.0,2.0,1268.00290267184,456.686102371192
4695.0,2.0,1220.790189758144,450.181104355968
4697.0,2.0,1185.9714111407839,445.726881011056
4699.0,2.0,1142.789367187944,492.233411265816
4701.0,2.0,1148.249509041992,561.03057735056
4703.0,2.0,1115.889487935688,612.986313575472
4705.0,2.0,1064.238746561024,631.314583949952
4707.0,2.0,1020.657758613856,609.61223497936
4709.0,2.0,959.5251544282801,574.0723953747361
4711.0,2.0,901.757463830776,541.766334113272
4713.0,2.0,822.8877216394801,509.142202992296
4715.0,2.0,736.37590656668,457.786043163984
4717.0,2.0,653.3627918112879,436.40566970770396
4719.0,2.0,600.710073045648,464.544059609976
4721.0,2.0,587.6952065335599,592.563766102696
4723.0,2.0,648.14344087376,684.606563945512
4725.0,2.0,784.584195295184,742.1044442184959
4727.0,2.0,906.5165936054,801.7871263283839
4729.0,2.0,1138.189776250752,944.489042086488
4731.0,2.0,1316.020450428352,1046.978760827272
4733.0,2.0,1125.72788877228,999.328016953488
4735.0,2.0,853.3803582858159,982.9855647018827
4743.0,2.0,918.3152902691434,1038.0894306166606
4766.0,2.0,907.7531511108639,434.866968144824
4768.0,2.0,914.512940263544,463.202528353264
4770.0,2.0,993.844177019064,457.324719580728
4772.0,2.0,1093.436711771328,485.960854614528
4774.0,2.0,872.2861966223561,320.9969210760934
4814.0,2.0,701.1583134250881,186.471953291232
4816.0,2.0,915.2863298171279,294.87466912168804
4818.0,2.0,1081.28969163076,463.641576427024
4820.0,2.0,1057.255768672896,573.895279396824
4822.0,2.0,999.2965733076801,674.0530620708721
4824.0,2.0,1110.065203969152,809.89282590772
4826.0,2.0,1245.1879748409442,981.212490143992
4828.0,2.0,1319.9196931285042,1165.1063294306318
4830.0,2.0,1394.199599278952,1220.905896423216
4832.0,2.0,1330.3211085097041,1179.577636191184
4834.0,2.0,1148.463843780184,968.2068928892479
4836.0,2.0,1015.810248401336,809.104044455808
4838.0,2.0,1035.6478720801122,734.3503786515839
4840.0,2.0,1060.723118666472,724.591043786968
4842.0,2.0,739.9864667064915,677.6728485660115
4917.0,2.0,411.279982395096,704.4330083694799
4919.0,2.0,528.967181136072,948.655860609536
4921.0,2.0,619.362986701736,1169.5203200333121
4923.0,2.0,672.866870732104,1304.84616586792
4925.0,2.0,853.3165710898161,1468.291841033632
4927.0,2.0,972.552469487936,1427.8736449048479
4929.0,2.0,977.0764606626212,1277.356714295968
4937.0,2.0,411.68720598836796,914.96498199708
4939.0,2.0,381.286142311248,904.2878872134
4941.0,2.0,297.573585263504,921.661156722312
4943.0,2.0,298.571310251632,975.7155329974639
4945.0,2.0,389.88534143803196,962.884285917328
4947.0,2.0,492.565460926,972.8700583287759
4949.0,2.0,560.0976243226,1043.6967884265919
4951.0,2.0,623.803721074736,1118.484990678056
4953.0,2.0,594.7045004764959,1036.089671678128
4955.0,2.0,635.6095919957199,942.15018158968
4957.0,2.0,637.888014371192,776.654964660432
4959.0,2.0,594.676861263544,608.419817326944
4961.0,2.0,672.160844717424,508.11725686242403
4963.0,2.0,844.406881683128,551.873888647208
4965.0,2.0,1074.233922579728,803.30049229024
4967.0,2.0,1283.95240784336,1006.8796225801841
4969.0,2.0,1398.6307903031998,1104.249658585376
4971.0,2.0,1377.1206527798481,1084.050323367752
4973.0,2.0,1354.829825649544,1023.0232486197681
4975.0,2.0,1286.4345914409118,942.010383611792
4977.0,2.0,1219.883295055744,951.038488507616
4979.0,2.0,1234.9453036368,1024.612366776512
4981.0,2.0,1190.6602975354322,1094.224951138392
4983.0,2.0,1185.1383711561039,1159.8228277183762
4985.0,2.0,1225.165372856432,1217.291860104928
4987.0,2.0,1206.958471312136,1245.218702696312
4989.0,2.0,1154.12075712176,1265.19738026048
4991.0,2.0,1063.3052735695678,1225.2734036502238
4993.0,2.0,976.437622011312,1175.311074293968
4995.0,2.0,878.167052695288,1134.26831013332
4997.0,2.0,788.8578826968401,1090.997146338736
4999.0,2.0,708.374208325864,1048.030691517912
5001.0,2.0,610.957328393632,1005.14537729004
5003.0,2.0,539.977615249712,985.137938796752
5005.0,2.0,520.37309993436,1004.077171757112
5007.0,2.0,496.93944411573597,1027.779689579736
5009.0,2.0,451.96250799332006,1061.6088561949919
5011.0,2.0,391.080386139752,1111.2598950319762
5013.0,2.0,358.13223828536,1146.898904080976
5015.0,2.0,378.221472499512,1221.1360549126402
5017.0,2.0,420.706443343104,1312.482881684536
5019.0,2.0,465.242219181064,1390.8548894553921
5021.0,2.0,511.676629755784,1445.6553505007519
5023.0,2.0,558.513246571928,1491.607985722048
5025.0,2.0,619.0946324725039,1517.956379661736
5027.0,2.0,696.6143067564481,1544.2069237039839
5029.0,2.0,635.910000309072,1576.9970088688879
5031.0,2.0,669.162962979496,1627.2987898309839
5033.0,2.0,754.5750377788561,1784.5031150138
5035.0,2.0,789.537391769752,1781.7439489371118
5037.0,2.0,829.5648345276,1735.327422253728
5039.0,2.0,856.2919110691439,1720.431949957216
5041.0,2.0,1015.98236472304,1730.794205002424
5043.0,2.0,1073.85544130452,1573.664764747936
5045.0,2.0,925.891220861072,1418.3000952815678
5047.0,2.0,941.798730977608,1457.706136431496
5049.0,2.0,1009.141736322264,1494.944808479928
5051.0,2.0,944.75107511596,1492.631758266984
5053.0,2.0,684.86803213448,1466.5753305373441
5055.0,2.0,556.4262338113599,1355.264056746648
5057.0,2.0,613.617158351756,1267.975862555412
5065.0,2.0,571.3412910307453,1353.9499072996018
5067.0,2.0,529.863449509344,1362.2591308625122
5069.0,2.0,589.361575536512,1367.512488358368
5071.0,2.0,661.902409249672,1304.1258870567758
5073.0,2.0,678.0606929734961,1246.783466498696
5075.0,2.0,703.8143158955679,1269.283019908888
5077.0,2.0,696.6409236948,1198.2288622238161
5079.0,2.0,662.760740513384,1081.415673429576
5081.0,2.0,726.584060443336,995.771629440736
5083.0,2.0,724.3410791767681,1081.27895888272
5085.0,2.0,714.464904974752,1290.414729171872
5087.0,2.0,654.2240544821041,1275.78605205744
5089.0,2.0,522.9926088054,1019.497559647448
5091.0,2.0,472.603247140216,795.390527161848
5093.0,2.0,604.1791786197041,921.569442959232
5095.0,2.0,780.458085682056,1091.48829886768
5097.0,2.0,1003.5669157792721,1152.842290545544
5099.0,2.0,1222.73535441984,1037.1895416162802
5101.0,2.0,1394.34701550016,924.3523865556639
5103.0,2.0,1452.324964308208,1002.0061649516001
5105.0,2.0,1487.382335885024,1072.138911505208
5107.0,2.0,1499.3110229521362,911.66061635864
5109.0,2.0,1422.9165689981842,723.306868611704
5111.0,2.0,1374.833041537856,636.3072300391759
5113.0,2.0,1219.342723462472,634.327537284312
5115.0,2.0,996.882962845136,677.620361061232
5117.0,2.0,848.0489461148,712.458099205352
5119.0,2.0,831.5275754359841,720.499471298632
5121.0,2.0,722.777437508616,681.607531854032
5123.0,2.0,604.479496717728,663.660788300544
5125.0,2.0,624.889234695128,577.555908219904
5127.0,2.0,696.2888896888321,515.710704864248
5129.0,2.0,715.932181766456,479.961637677752
5131.0,2.0,676.560009783168,519.2981737054799
5133.0,2.0,664.3848942569521,473.52407879533206
5150.0,2.0,433.2000532824346,230.54339130129247
5152.0,2.0,476.691511459288,284.56839983063196
5154.0,2.0,575.4060026031439,357.126582875432
5156.0,2.0,648.8130409865361,351.65687294198403
5158.0,2.0,756.383703138992,461.00358266881597
5160.0,2.0,871.2146068283761,495.637577409032
5162.0,2.0,956.0533160419361,517.10745758204
5164.0,2.0,1021.7786357778639,594.4515474727441
5166.0,2.0,1072.0440745445599,667.783960343728
5168.0,2.0,1048.3477998446401,769.5528128574081
5170.0,2.0,1030.396376626896,855.094404496648
5172.0,2.0,1027.91357380448,734.707287031512
5174.0,2.0,1071.385763478848,653.396254237696
5176.0,2.0,1040.955072766536,664.073564028808
5178.0,2.0,962.602184374256,700.752325347888
5180.0,2.0,838.1015140068081,710.8100539475199
5182.0,2.0,812.756607418768,714.002465247112
5184.0,2.0,892.392696637704,755.8648528609281
5186.0,2.0,893.431889098464,739.39320120736
5188.0,2.0,817.019279763856,630.057011931344
5190.0,2.0,757.6150163847681,582.977383536416
5192.0,2.0,763.489642919008,557.880762483808
5194.0,2.0,755.165666358872,634.078731374528
5196.0,2.0,612.9344819675515,795.3400352160252
5209.0,2.0,503.551738926904,960.105657260352
5211.0,2.0,448.9562358080303,1049.4264918350766
5227.0,2.0,603.9822131612921,1329.7114361558238
5229.0,2.0,583.7387537500001,1297.6669125972799
5231.0,2.0,585.5909993124401,1140.531283251256
5233.0,2.0,544.2709153959199,993.912040382312
5235.0,2.0,401.43555770316004,1001.2861754119119
5237.0,2.0,315.44072219455995,922.9871068923201
5239.0,2.0,170.9275918898914,523.5179096503487
5303.0,2.0,70.605050623864,136.731892461104
5305.0,2.0,98.89356462716,136.613420771192
5307.0,2.0,126.961752660328,171.02602077508
5309.0,2.0,200.739565114472,202.865257826664
5311.0,2.0,327.604860160224,281.888148797608
5313.0,2.0,522.363477705888,445.40330843460004
5315.0,2.0,691.572945118112,604.490871215632
5317.0,2.0,773.6002040899441,693.7293065368241
5319.0,2.0,790.455499409944,722.429264129072
5321.0,2.0,733.577157743576,707.299367792896
5323.0,2.0,631.255462153576,672.158777052168
5325.0,2.0,515.2799345009361,615.701991971744
5327.0,2.0,467.610079148544,552.338378805776
5329.0,2.0,492.262987470192,496.3588608568
5331.0,2.0,463.176007447096,469.06781121476797
5333.0,2.0,438.874866911144,485.95691035368
5335.0,2.0,486.64677999676,559.1195712783281
5337.0,2.0,521.216849464528,638.8767809469759
5339.0,2.0,618.972843206888,599.34666048496
5341.0,2.0,705.425449655744,614.3155236283519
5343.0,2.0,658.999724144384,749.551409975712
5350.0,2.0,590.2936117448089,1301.9783821797441
5352.0,2.0,637.553170421688,1384.298602786424
5354.0,2.0,739.724233443928,1439.702390478704
5356.0,2.0,851.1523021779522,1503.9074458003358
5358.0,2.0,967.846837265864,1515.800355750416
5360.0,2.0,972.122650782448,1395.60805455956
5362.0,2.0,753.695405786736,1133.1128215732879
5364.0,2.0,698.155202405696,1003.6342802191759
5366.0,2.0,845.623488900608,976.165492563248
5368.0,2.0,909.398558312776,944.024871357648
5370.0,2.0,961.200212884264,984.2114275295601
5372.0,2.0,921.583610412976,1089.427179326224
5374.0,2.0,993.278717261368,1280.9748092444402
5376.0,2.0,928.0473964215039,1473.847142024304
5378.0,2.0,817.782194666256,1540.968986640352
5380.0,2.0,620.101778525664,1338.15746606828
5382.0,2.0,528.617457697752,1187.4753287264962
5384.0,2.0,506.91113586496806,1230.1001755024959
5386.0,2.0,509.87760620567997,1192.878655077472
5388.0,2.0,475.291434858792,1130.4401384789521
5390.0,2.0,373.760798160384,972.885445246376
5392.0,2.0,324.392515785352,940.825210150744
5394.0,2.0,266.872761690296,890.267018428008
5396.0,2.0,340.47893453102404,841.55088236136
5398.0,2.0,414.016547485048,824.876488711328
5400.0,2.0,503.88578162792004,857.145412432256
5402.0,2.0,519.4118169580161,987.36604289548
5404.0,2.0,524.1104684843681,1176.223423311592
5406.0,2.0,506.276370625048,1261.091725798072
5408.0,2.0,530.0530751082081,1212.1442873612318
5410.0,2.0,550.97440224792,1139.967743856128
5412.0,2.0,549.167718936416,1022.3680912126321
5414.0,2.0,576.737944697056,962.081127965256
5416.0,2.0,646.6778357325841,1115.206463456304
5418.0,2.0,636.15812000284,1284.1391751026158
5420.0,2.0,544.17977675916,1086.9197597926639
5422.0,2.0,499.22537533871196,901.157441554504
5424.0,2.0,453.10676515587204,873.674761675104
5426.0,2.0,386.260445316288,849.750290085296
5428.0,2.0,384.416689703856,884.58132059436
5430.0,2.0,418.51442279511195,902.7978512770239
5432.0,2.0,466.111606449992,933.3360044251201
5434.0,2.0,475.68261850408,1028.51282652584
5436.0,2.0,414.653437398296,981.279601583096
5438.0,2.0,379.44760600440793,947.672299413488
5440.0,2.0,384.240284009472,871.6393521326081
5442.0,2.0,344.62317998391995,852.848082235584
5444.0,2.0,318.995062188416,806.536131551592
5446.0,2.0,323.63681984632,771.0757714419041
5448.0,2.0,324.099661549704,756.8632135297839
5450.0,2.0,321.26755744711204,752.717241724848
5452.0,2.0,346.55417096416,785.193821489032
5454.0,2.0,373.21265212680794,838.349322581672
5456.0,2.0,401.075753848008,845.4999426922
5458.0,2.0,408.52850151684004,833.09275862864
5460.0,2.0,407.34691538368804,806.6683879288239
5462.0,2.0,415.37244291624,801.969334246528
5464.0,2.0,419.735687512248,768.79260948928
5466.0,2.0,423.54667001836003,721.537464665344
5468.0,2.0,420.118779053088,652.068725609392
5470.0,2.0,438.456199428552,577.236503727112
5472.0,2.0,464.30009894662396,527.489659275192
5474.0,2.0,469.47861335659206,488.24198513651197
5476.0,2.0,467.46514657347996,462.333488589224
5478.0,2.0,493.096937789232,510.25651036704
5480.0,2.0,490.70668383436,553.346065898624
5482.0,2.0,517.170996130872,560.682775824528
5484.0,2.0,653.567891688712,512.688474761808
5486.0,2.0,870.96857106832,511.73264990651194
5488.0,2.0,1125.886143432432,597.536926502784
5490.0,2.0,1307.0761109186801,627.7416323018319
5492.0,2.0,1344.175879055128,681.6969704047041
5494.0,2.0,1334.686532228272,763.346215395968
5496.0,2.0,1383.3893738687298,865.1764540001141
5530.0,2.0,915.496143351736,638.494406292192
5532.0,2.0,804.0722332196524,709.2035238352312
5595.0,2.0,742.8999644063822,490.71509813400536
5597.0,2.0,758.2062049326801,616.086713010728
5599.0,2.0,921.299267708088,930.467781942736
5601.0,2.0,1001.8574018651359,1189.678632007344
5603.0,2.0,935.8340228453919,1350.624396998768
5605.0,2.0,724.56120129024,1384.6092735618558
5607.0,2.0,587.3379222636399,1200.115267471336
5609.0,2.0,612.2532329454721,985.3957230922481
5611.0,2.0,613.381935460264,930.585506321624
5613.0,2.0,520.278601843416,971.766997812672
5615.0,2.0,463.214742366928,1054.205559709336
5617.0,2.0,390.409901980192,1109.7685837264962
5619.0,2.0,360.49748942535996,1126.436689816504
5621.0,2.0,347.48034840724796,1146.89041934956
5623.0,2.0,332.62432700120803,1153.430224032736
5625.0,2.0,339.65717652236003,1175.1850183464562
5627.0,2.0,351.82163664958404,1214.229556304776
5629.0,2.0,389.80012648704,1283.525080647944
5631.0,2.0,448.977882610728,1426.702651071856
5633.0,2.0,545.3860724713279,1567.460944903712
5635.0,2.0,642.0098228986401,1599.5925144254481
5637.0,2.0,682.840085863304,1604.2192752771282
5639.0,2.0,670.696708436904,1602.9798959622003
5641.0,2.0,658.8825688082641,1595.73817643364
5643.0,2.0,669.8059988011519,1586.8054751698
5645.0,2.0,689.4458807492629,1571.2518946077453
